property_code,be_department_slug,be_department,be_section,dept_code,account,account_name,pl_line,section,original_class,pct_variable,map_source,excluded_from_be,source_rows
AMA,rooms,Rooms,PAYROLL,0110,6000,Salary and Wages,OPEX_ROOMS,OPERATING EXPENSES,Variable,1.0,GL,false,CWL 0116:6000
AMA,rooms,Rooms,PAYROLL,0110,6001,Overtime,OPEX_ROOMS,OPERATING EXPENSES,Variable,1.0,GL,false,CWL 0116:6001
AMA,rooms,Rooms,PAYROLL,0110,6002,Day Off,OPEX_ROOMS,OPERATING EXPENSES,Variable,1.0,GL,false,CWL 0116:6002
AMA,rooms,Rooms,PAYROLL,0110,6003,Working Holiday,OPEX_ROOMS,OPERATING EXPENSES,Variable,1.0,GL,false,CWL 0116:6003
AMA,rooms,Rooms,PAYROLL,0110,6010,Commissions,OPEX_ROOMS,OPERATING EXPENSES,Variable,1.0,GL,false,CWL 0116:6010
AMA,rooms,Rooms,PAYROLL,0110,6020,Social Security,OPEX_ROOMS,OPERATING EXPENSES,Variable,1.0,GL,false,CWL 0116:6020
AMA,rooms,Rooms,PAYROLL,0110,6021,Christmas bonus,OPEX_ROOMS,OPERATING EXPENSES,Variable,1.0,GL,false,CWL 0116:6021
AMA,rooms,Rooms,PAYROLL,0110,6022,Work Risk Policy,OPEX_ROOMS,OPERATING EXPENSES,Variable,1.0,GL,false,CWL 0116:6022
AMA,rooms,Rooms,PAYROLL,0110,6023,Vacations Accrual,OPEX_ROOMS,OPERATING EXPENSES,Variable,1.0,GL,false,CWL 0116:6023
AMA,rooms,Rooms,PAYROLL,0110,6024,Vacations Taken,OPEX_ROOMS,OPERATING EXPENSES,Variable,1.0,GL,false,CWL 0116:6024
AMA,rooms,Rooms,PAYROLL,0110,6025,Cafeteria,OPEX_ROOMS,OPERATING EXPENSES,Variable,1.0,GL,false,CWL 0116:6025
AMA,rooms,Rooms,PAYROLL,0110,6026,Notice and Severance Pay,OPEX_ROOMS,OPERATING EXPENSES,Variable,1.0,GL,false,CWL 0116:6026
AMA,rooms,Rooms,PAYROLL,0110,6027,Incentive Bonus,OPEX_ROOMS,OPERATING EXPENSES,Variable,1.0,GL,false,CWL 0116:6027
AMA,rooms,Rooms,PAYROLL,0110,6028,Housing,OPEX_ROOMS,OPERATING EXPENSES,Variable,1.0,GL,false,CWL 0116:6028
AMA,rooms,Rooms,PAYROLL,0110,6029,Employee Transportation,OPEX_ROOMS,OPERATING EXPENSES,Variable,1.0,GL,false,CWL 0116:6029
AMA,rooms,Rooms,PAYROLL,0110,6030,Employee Benefit Others,OPEX_ROOMS,OPERATING EXPENSES,Variable,1.0,GL,false,CWL 0116:6030
AMA,rooms,Rooms,OPERATING EXPENSES,0110,7065,Cleaning Supplies,OPEX_ROOMS,OPERATING EXPENSES,Variable,1.0,GL,false,CWL 0116:7065
AMA,rooms,Rooms,OPERATING EXPENSES,0110,7070,Cluster Services,OPEX_ROOMS,OPERATING EXPENSES,Variable,1.0,GL,false,CWL 0116:7070
AMA,rooms,Rooms,OPERATING EXPENSES,0110,7080,Commissions,OPEX_ROOMS,OPERATING EXPENSES,Variable,1.0,GL,false,CWL 0116:7080
AMA,rooms,Rooms,OPERATING EXPENSES,0110,7085,Commissions and Fees—Group,OPEX_ROOMS,OPERATING EXPENSES,Variable,1.0,GL,false,CWL 0116:7085
AMA,rooms,Rooms,OPERATING EXPENSES,0110,7090,Complimentary Food and Beverage,OPEX_ROOMS,OPERATING EXPENSES,Variable,1.0,GL,false,CWL 0116:7090
AMA,rooms,Rooms,OPERATING EXPENSES,0110,7095,Complimentary In-Room/Media Entertainment,OPEX_ROOMS,OPERATING EXPENSES,Variable,1.0,GL,false,CWL 0116:7095
AMA,rooms,Rooms,OPERATING EXPENSES,0110,7100,Complimentary Services and Gifts,OPEX_ROOMS,OPERATING EXPENSES,Variable,1.0,GL,false,CWL 0116:7100
AMA,rooms,Rooms,OPERATING EXPENSES,0110,7105,Contract Services,OPEX_ROOMS,OPERATING EXPENSES,Variable,1.0,GL,false,CWL 0116:7105
AMA,rooms,Rooms,OPERATING EXPENSES,0110,7110,Corporate Office Reimbursables,OPEX_ROOMS,OPERATING EXPENSES,Variable,1.0,GL,false,CWL 0116:7110
AMA,rooms,Rooms,OPERATING EXPENSES,0110,7125,Decorations,OPEX_ROOMS,OPERATING EXPENSES,Variable,1.0,GL,false,CWL 0116:7125
AMA,rooms,Rooms,OPERATING EXPENSES,0110,7150,Dues and Subscriptions,OPEX_ROOMS,OPERATING EXPENSES,Fixed Cost,0.0,GL,false,CWL 0116:7150
AMA,rooms,Rooms,OPERATING EXPENSES,0110,7175,Entertainment—In-House,OPEX_ROOMS,OPERATING EXPENSES,Variable,1.0,GL,false,CWL 0116:7175
AMA,rooms,Rooms,OPERATING EXPENSES,0110,7185,Equipment Rental,OPEX_ROOMS,OPERATING EXPENSES,Variable,1.0,GL,false,CWL 0116:7185
AMA,rooms,Rooms,OPERATING EXPENSES,0110,7245,Guest Relocation,OPEX_ROOMS,OPERATING EXPENSES,Variable,1.0,GL,false,CWL 0116:7245
AMA,rooms,Rooms,OPERATING EXPENSES,0110,7250,Guest Supplies,OPEX_ROOMS,OPERATING EXPENSES,Variable,1.0,GL,false,CWL 0116:7250
AMA,rooms,Rooms,OPERATING EXPENSES,0110,7255,Guest Transportation,OPEX_ROOMS,OPERATING EXPENSES,Variable,1.0,GL,false,CWL 0116:7255
AMA,rooms,Rooms,OPERATING EXPENSES,0110,7310,Laundry and Dry Cleaning,OPEX_ROOMS,OPERATING EXPENSES,Variable,1.0,GL,false,CWL 0116:7310
AMA,rooms,Rooms,OPERATING EXPENSES,0110,7335,Licenses and Permits,OPEX_ROOMS,OPERATING EXPENSES,Variable,1.0,GL,false,CWL 0116:7335
AMA,rooms,Rooms,OPERATING EXPENSES,0110,7350,Linen,OPEX_ROOMS,OPERATING EXPENSES,Variable,1.0,GL,false,CWL 0116:7350
AMA,rooms,Rooms,OPERATING EXPENSES,0110,7380,Miscellaneous,OPEX_ROOMS,OPERATING EXPENSES,Variable,1.0,GL,false,CWL 0116:7380
AMA,rooms,Rooms,OPERATING EXPENSES,0110,7400,Operating Supplies,OPEX_ROOMS,OPERATING EXPENSES,Variable,1.0,GL,false,CWL 0116:7400
AMA,rooms,Rooms,OPERATING EXPENSES,0110,7485,Postage and Overnight Delivery Charges,OPEX_ROOMS,OPERATING EXPENSES,Variable,1.0,GL,false,CWL 0116:7485
AMA,rooms,Rooms,OPERATING EXPENSES,0110,7490,Printing and Stationery,OPEX_ROOMS,OPERATING EXPENSES,Variable,1.0,GL,false,CWL 0116:7490
AMA,rooms,Rooms,OPERATING EXPENSES,0110,7525,Reservations,OPEX_ROOMS,OPERATING EXPENSES,Fixed Cost,0.0,GL,false,CWL 0116:7525
AMA,rooms,Rooms,OPERATING EXPENSES,0110,7530,Royalty Fees,OPEX_ROOMS,OPERATING EXPENSES,Variable,1.0,GL,false,CWL 0116:7530
AMA,rooms,Rooms,OPERATING EXPENSES,0110,7665,Training,OPEX_ROOMS,OPERATING EXPENSES,Variable,1.0,GL,false,CWL 0116:7665
AMA,rooms,Rooms,OPERATING EXPENSES,0110,7670,Travel—Meals and Entertainment,OPEX_ROOMS,OPERATING EXPENSES,Variable,1.0,GL,false,CWL 0116:7670
AMA,rooms,Rooms,OPERATING EXPENSES,0110,7675,Travel—Other,OPEX_ROOMS,OPERATING EXPENSES,Variable,1.0,GL,false,CWL 0116:7675
AMA,rooms,Rooms,OPERATING EXPENSES,0110,7680,Uniform Costs,OPEX_ROOMS,OPERATING EXPENSES,Variable,1.0,GL,false,CWL 0116:7680
AMA,rooms,Rooms,OPERATING EXPENSES,0110,7685,Uniform Laundry,OPEX_ROOMS,OPERATING EXPENSES,Variable,1.0,GL,false,CWL 0116:7685
AMA,fb,F&B,COST OF SALES,0120,5101,Food CostCostos Alimentos,COS_FB_FOOD,COST OF SALES,Variable,1.0,GL,false,CWL 0120:5101
AMA,fb,F&B,COST OF SALES,0120,5102,Bar to FoodCostos Alimentos,COS_FB_FOOD,COST OF SALES,Variable,1.0,GL,false,CWL 0120:5102
AMA,fb,F&B,COST OF SALES,0120,5150,Bev CostCostos Beverage,COS_FB_BEV,COST OF SALES,Variable,1.0,GL,false,CWL 0120:5150
AMA,fb,F&B,PAYROLL,0120,6000,Salary and Wages,OPEX_FB,OPERATING EXPENSES,Variable,1.0,GL,false,CWL 0120:6000
AMA,fb,F&B,PAYROLL,0120,6001,Overtime,OPEX_FB,OPERATING EXPENSES,Variable,1.0,GL,false,CWL 0120:6001
AMA,fb,F&B,PAYROLL,0120,6002,Day Off,OPEX_FB,OPERATING EXPENSES,Variable,1.0,GL,false,CWL 0120:6002
AMA,fb,F&B,PAYROLL,0120,6003,Working Holiday,OPEX_FB,OPERATING EXPENSES,Variable,1.0,GL,false,CWL 0120:6003
AMA,fb,F&B,PAYROLL,0120,6010,Commissions,OPEX_FB,OPERATING EXPENSES,Variable,1.0,GL,false,CWL 0120:6010
AMA,fb,F&B,PAYROLL,0120,6020,Social Security,OPEX_FB,OPERATING EXPENSES,Variable,1.0,GL,false,CWL 0120:6020
AMA,fb,F&B,PAYROLL,0120,6021,Christmas bonus,OPEX_FB,OPERATING EXPENSES,Variable,1.0,GL,false,CWL 0120:6021
AMA,fb,F&B,PAYROLL,0120,6022,Work Risk Policy,OPEX_FB,OPERATING EXPENSES,Variable,1.0,GL,false,CWL 0120:6022
AMA,fb,F&B,PAYROLL,0120,6023,Vacations Accrual,OPEX_FB,OPERATING EXPENSES,Variable,1.0,GL,false,CWL 0120:6023
AMA,fb,F&B,PAYROLL,0120,6024,Vacations Taken,OPEX_FB,OPERATING EXPENSES,Variable,1.0,GL,false,CWL 0120:6024
AMA,fb,F&B,PAYROLL,0120,6025,Cafeteria,OPEX_FB,OPERATING EXPENSES,Variable,1.0,GL,false,CWL 0120:6025
AMA,fb,F&B,PAYROLL,0120,6026,Notice and Severance Pay,OPEX_FB,OPERATING EXPENSES,Variable,1.0,GL,false,CWL 0120:6026
AMA,fb,F&B,PAYROLL,0120,6027,Incentive Bonus,OPEX_FB,OPERATING EXPENSES,Variable,1.0,GL,false,CWL 0120:6027
AMA,fb,F&B,PAYROLL,0120,6028,Housing,OPEX_FB,OPERATING EXPENSES,Variable,1.0,GL,false,CWL 0120:6028
AMA,fb,F&B,PAYROLL,0120,6029,Employee Transportation,OPEX_FB,OPERATING EXPENSES,Variable,1.0,GL,false,CWL 0120:6029
AMA,fb,F&B,PAYROLL,0120,6030,Employee Benefit Others,OPEX_FB,OPERATING EXPENSES,Variable,1.0,GL,false,CWL 0120:6030
AMA,fb,F&B,OPERATING EXPENSES,0120,7025,Banquet Expenses,OPEX_FB,OPERATING EXPENSES,Variable,1.0,GL,false,CWL 0120:7025
AMA,fb,F&B,OPERATING EXPENSES,0120,7060,China,OPEX_FB,OPERATING EXPENSES,Variable,1.0,GL,false,CWL 0120:7060
AMA,fb,F&B,OPERATING EXPENSES,0120,7065,Cleaning Supplies,OPEX_FB,OPERATING EXPENSES,Variable,1.0,GL,false,CWL 0120:7065
AMA,fb,F&B,OPERATING EXPENSES,0120,7070,Cluster Services,OPEX_FB,OPERATING EXPENSES,Variable,1.0,GL,false,CWL 0120:7070
AMA,fb,F&B,OPERATING EXPENSES,0120,7080,Commissions,OPEX_FB,OPERATING EXPENSES,Variable,1.0,GL,false,CWL 0120:7080
AMA,fb,F&B,OPERATING EXPENSES,0120,7100,Complimentary Services and Gifts,OPEX_FB,OPERATING EXPENSES,Variable,1.0,GL,false,CWL 0120:7100
AMA,fb,F&B,OPERATING EXPENSES,0120,7105,Contract Services,OPEX_FB,OPERATING EXPENSES,Variable,1.0,GL,false,CWL 0120:7105
AMA,fb,F&B,OPERATING EXPENSES,0120,7110,Corporate Office Reimbursables,OPEX_FB,OPERATING EXPENSES,Variable,1.0,GL,false,CWL 0120:7110
AMA,fb,F&B,OPERATING EXPENSES,0120,7125,Decorations,OPEX_FB,OPERATING EXPENSES,Variable,1.0,GL,false,CWL 0120:7125
AMA,fb,F&B,OPERATING EXPENSES,0120,7140,Dishwashing Supplies,OPEX_FB,OPERATING EXPENSES,Variable,1.0,GL,false,CWL 0120:7140
AMA,fb,F&B,OPERATING EXPENSES,0120,7150,Dues and Subscriptions,OPEX_FB,OPERATING EXPENSES,Variable,1.0,GL,false,CWL 0120:7150
AMA,fb,F&B,OPERATING EXPENSES,0120,7175,Entertainment—In-House,OPEX_FB,OPERATING EXPENSES,Variable,1.0,GL,false,CWL 0120:7175
AMA,fb,F&B,OPERATING EXPENSES,0120,7185,Equipment Rental,OPEX_FB,OPERATING EXPENSES,Variable,1.0,GL,false,CWL 0120:7185
AMA,fb,F&B,OPERATING EXPENSES,0120,7195,Flatware,OPEX_FB,OPERATING EXPENSES,Variable,1.0,GL,false,CWL 0120:7195
AMA,fb,F&B,OPERATING EXPENSES,0120,7235,Glassware,OPEX_FB,OPERATING EXPENSES,Variable,1.0,GL,false,CWL 0120:7235
AMA,fb,F&B,OPERATING EXPENSES,0120,7275,Ice,OPEX_FB,OPERATING EXPENSES,Variable,1.0,GL,false,CWL 0120:7275
AMA,fb,F&B,OPERATING EXPENSES,0120,7295,Kitchen Fuel,OPEX_FB,OPERATING EXPENSES,Variable,1.0,GL,false,CWL 0120:7295
AMA,fb,F&B,OPERATING EXPENSES,0120,7300,Kitchen Smallwares,OPEX_FB,OPERATING EXPENSES,Variable,1.0,GL,false,CWL 0120:7300
AMA,fb,F&B,OPERATING EXPENSES,0120,7310,Laundry and Dry Cleaning,OPEX_FB,OPERATING EXPENSES,Variable,1.0,GL,false,CWL 0120:7310
AMA,fb,F&B,OPERATING EXPENSES,0120,7335,Licenses and Permits,OPEX_FB,OPERATING EXPENSES,Variable,1.0,GL,false,CWL 0120:7335
AMA,fb,F&B,OPERATING EXPENSES,0120,7350,Linen,OPEX_FB,OPERATING EXPENSES,Variable,1.0,GL,false,CWL 0120:7350
AMA,fb,F&B,OPERATING EXPENSES,0120,7365,Management Fees,OPEX_FB,OPERATING EXPENSES,Variable,1.0,GL,false,CWL 0120:7365
AMA,fb,F&B,OPERATING EXPENSES,0120,7375,Menus and Beverage Lists,OPEX_FB,OPERATING EXPENSES,Variable,1.0,GL,false,CWL 0120:7375
AMA,fb,F&B,OPERATING EXPENSES,0120,7380,Miscellaneous,OPEX_FB,OPERATING EXPENSES,Variable,1.0,GL,false,CWL 0120:7380
AMA,fb,F&B,OPERATING EXPENSES,0120,7385,Music and Entertainment,OPEX_FB,OPERATING EXPENSES,Variable,1.0,GL,false,CWL 0120:7385
AMA,fb,F&B,OPERATING EXPENSES,0120,7400,Operating Supplies,OPEX_FB,OPERATING EXPENSES,Variable,1.0,GL,false,CWL 0120:7400
AMA,fb,F&B,OPERATING EXPENSES,0120,7460,Paper and Plastics,OPEX_FB,OPERATING EXPENSES,Variable,1.0,GL,false,CWL 0120:7460
AMA,fb,F&B,OPERATING EXPENSES,0120,7485,Postage and Overnight Delivery Charges,OPEX_FB,OPERATING EXPENSES,Variable,1.0,GL,false,CWL 0120:7485
AMA,fb,F&B,OPERATING EXPENSES,0120,7490,Printing and Stationery,OPEX_FB,OPERATING EXPENSES,Variable,1.0,GL,false,CWL 0120:7490
AMA,fb,F&B,OPERATING EXPENSES,0120,7525,Reservations,OPEX_FB,OPERATING EXPENSES,Variable,1.0,GL,false,CWL 0120:7525
AMA,fb,F&B,OPERATING EXPENSES,0120,7530,Royalty Fees,OPEX_FB,OPERATING EXPENSES,Variable,1.0,GL,false,CWL 0120:7530
AMA,fb,F&B,OPERATING EXPENSES,0120,7665,Training,OPEX_FB,OPERATING EXPENSES,Variable,1.0,GL,false,CWL 0120:7665
AMA,fb,F&B,OPERATING EXPENSES,0120,7670,Travel—Meals and Entertainment,OPEX_FB,OPERATING EXPENSES,Variable,1.0,GL,false,CWL 0120:7670
AMA,fb,F&B,OPERATING EXPENSES,0120,7675,Travel—Other,OPEX_FB,OPERATING EXPENSES,Variable,1.0,GL,false,CWL 0120:7675
AMA,fb,F&B,OPERATING EXPENSES,0120,7680,Uniform Costs,OPEX_FB,OPERATING EXPENSES,Variable,1.0,GL,false,CWL 0120:7680
AMA,fb,F&B,OPERATING EXPENSES,0120,7685,Uniform Laundry,OPEX_FB,OPERATING EXPENSES,Variable,1.0,GL,false,CWL 0120:7685
AMA,fb,F&B,OPERATING EXPENSES,0120,7695,Utensils,OPEX_FB,OPERATING EXPENSES,Variable,1.0,GL,false,CWL 0120:7695
AMA,spa,Spa,COST OF SALES,0140,5301,Spa Retail 2 CostCostos Spa,COS_SPA,COST OF SALES,Variable,1.0,ANALOGIA,false,ANALOGIA cuenta 5301 en CWL OPERATING (Variable=1)
AMA,spa,Spa,PAYROLL,0140,6000,Salary and Wages,OPEX_SPA,OPERATING EXPENSES,Fixed Cost,0.0,GL,false,CWL 0130:6000
AMA,spa,Spa,PAYROLL,0140,6001,Overtime,OPEX_SPA,OPERATING EXPENSES,Fixed Cost,0.0,GL,false,CWL 0140:6001
AMA,spa,Spa,PAYROLL,0140,6002,Day Off,OPEX_SPA,OPERATING EXPENSES,Fixed Cost,0.0,GL,false,CWL 0140:6002
AMA,spa,Spa,PAYROLL,0140,6003,Working Holiday,OPEX_SPA,OPERATING EXPENSES,Fixed Cost,0.0,GL,false,CWL 0130:6003
AMA,spa,Spa,PAYROLL,0140,6010,Commissions,OPEX_SPA,OPERATING EXPENSES,Fixed Cost,0.0,GL,false,CWL 0130:6010
AMA,spa,Spa,PAYROLL,0140,6020,Social Security,OPEX_SPA,OPERATING EXPENSES,Fixed Cost,0.0,GL,false,CWL 0130:6020
AMA,spa,Spa,PAYROLL,0140,6021,Christmas bonus,OPEX_SPA,OPERATING EXPENSES,Fixed Cost,0.0,GL,false,CWL 0130:6021
AMA,spa,Spa,PAYROLL,0140,6022,Work Risk Policy,OPEX_SPA,OPERATING EXPENSES,Fixed Cost,0.0,GL,false,CWL 0130:6022
AMA,spa,Spa,PAYROLL,0140,6023,Vacations Accrual,OPEX_SPA,OPERATING EXPENSES,Fixed Cost,0.0,GL,false,CWL 0140:6023
AMA,spa,Spa,PAYROLL,0140,6024,Vacations Taken,OPEX_SPA,OPERATING EXPENSES,Fixed Cost,0.0,GL,false,CWL 0130:6024
AMA,spa,Spa,PAYROLL,0140,6025,Cafeteria,OPEX_SPA,OPERATING EXPENSES,Fixed Cost,0.0,GL,false,CWL 0130:6025
AMA,spa,Spa,PAYROLL,0140,6026,Notice and Severance Pay,OPEX_SPA,OPERATING EXPENSES,Fixed Cost,0.0,GL,false,CWL 0140:6026
AMA,spa,Spa,PAYROLL,0140,6027,Incentive Bonus,OPEX_SPA,OPERATING EXPENSES,Fixed Cost,0.0,GL,false,CWL 0140:6027
AMA,spa,Spa,PAYROLL,0140,6028,Housing,OPEX_SPA,OPERATING EXPENSES,Fixed Cost,0.0,GL,false,CWL 0140:6028
AMA,spa,Spa,PAYROLL,0140,6029,Employee Transportation,OPEX_SPA,OPERATING EXPENSES,Fixed Cost,0.0,GL,false,CWL 0130:6029
AMA,spa,Spa,PAYROLL,0140,6030,Employee Benefit Others,OPEX_SPA,OPERATING EXPENSES,Fixed Cost,0.0,GL,false,CWL 0130:6030
AMA,spa,Spa,OPERATING EXPENSES,0140,7005,Ambience,OPEX_SPA,OPERATING EXPENSES,Variable,1.0,GL,false,CWL 0130:7005
AMA,spa,Spa,OPERATING EXPENSES,0140,7010,Athletic Supplies,OPEX_SPA,OPERATING EXPENSES,Variable,1.0,GL,false,CWL 0140:7010
AMA,spa,Spa,OPERATING EXPENSES,0140,7065,Cleaning Supplies,OPEX_SPA,OPERATING EXPENSES,Variable,1.0,GL,false,CWL 0130:7065
AMA,spa,Spa,OPERATING EXPENSES,0140,7070,Cluster Services,OPEX_SPA,OPERATING EXPENSES,Variable,1.0,GL,false,CWL 0140:7070
AMA,spa,Spa,OPERATING EXPENSES,0140,7100,Complimentary Services and Gifts,OPEX_SPA,OPERATING EXPENSES,Variable,1.0,GL,false,CWL 0140:7100
AMA,spa,Spa,OPERATING EXPENSES,0140,7105,Contract Services,OPEX_SPA,OPERATING EXPENSES,Variable,1.0,GL,false,CWL 0130:7105
AMA,spa,Spa,OPERATING EXPENSES,0140,7110,Corporate Office Reimbursables,OPEX_SPA,OPERATING EXPENSES,Variable,1.0,GL,false,CWL 0140:7110
AMA,spa,Spa,OPERATING EXPENSES,0140,7125,Decorations,OPEX_SPA,OPERATING EXPENSES,Variable,1.0,GL,false,CWL 0140:7125
AMA,spa,Spa,OPERATING EXPENSES,0140,7150,Dues and Subscriptions,OPEX_SPA,OPERATING EXPENSES,Variable,1.0,GL,false,CWL 0140:7150
AMA,spa,Spa,OPERATING EXPENSES,0140,7175,Entertainment—In-House,OPEX_SPA,OPERATING EXPENSES,Variable,1.0,GL,false,CWL 0140:7175
AMA,spa,Spa,OPERATING EXPENSES,0140,7185,Equipment Rental,OPEX_SPA,OPERATING EXPENSES,Variable,1.0,GL,false,CWL 0140:7185
AMA,spa,Spa,OPERATING EXPENSES,0140,7260,Health and Beauty Products,OPEX_SPA,OPERATING EXPENSES,Variable,1.0,GL,false,CWL 0140:7260
AMA,spa,Spa,OPERATING EXPENSES,0140,7310,Laundry and Dry Cleaning,OPEX_SPA,OPERATING EXPENSES,Variable,1.0,GL,false,CWL 0130:7310
AMA,spa,Spa,OPERATING EXPENSES,0140,7335,Licenses and Permits,OPEX_SPA,OPERATING EXPENSES,Variable,1.0,GL,false,CWL 0140:7335
AMA,spa,Spa,OPERATING EXPENSES,0140,7350,Linen,OPEX_SPA,OPERATING EXPENSES,Variable,1.0,GL,false,CWL 0130:7350
AMA,spa,Spa,OPERATING EXPENSES,0140,7365,Management Fees,OPEX_SPA,OPERATING EXPENSES,Variable,1.0,GL,false,CWL 0140:7365
AMA,spa,Spa,OPERATING EXPENSES,0140,7380,Miscellaneous,OPEX_SPA,OPERATING EXPENSES,Variable,1.0,GL,false,CWL 0130:7380
AMA,spa,Spa,OPERATING EXPENSES,0140,7400,Operating Supplies,OPEX_SPA,OPERATING EXPENSES,Variable,1.0,GL,false,CWL 0130:7400
AMA,spa,Spa,OPERATING EXPENSES,0140,7490,Printing and Stationery,OPEX_SPA,OPERATING EXPENSES,Variable,1.0,GL,false,CWL 0140:7490
AMA,spa,Spa,OPERATING EXPENSES,0140,7525,Reservations,OPEX_SPA,OPERATING EXPENSES,Variable,1.0,GL,false,CWL 0140:7525
AMA,spa,Spa,OPERATING EXPENSES,0140,7530,Royalty Fees,OPEX_SPA,OPERATING EXPENSES,Variable,1.0,GL,false,CWL 0140:7530
AMA,spa,Spa,OPERATING EXPENSES,0140,7555,Swimming Pool,OPEX_SPA,OPERATING EXPENSES,Variable,1.0,GL,false,CWL 0140:7555
AMA,spa,Spa,OPERATING EXPENSES,0140,7665,Training,OPEX_SPA,OPERATING EXPENSES,Variable,1.0,GL,false,CWL 0130:7665
AMA,spa,Spa,OPERATING EXPENSES,0140,7670,Travel—Meals and Entertainment,OPEX_SPA,OPERATING EXPENSES,Variable,1.0,GL,false,CWL 0140:7670
AMA,spa,Spa,OPERATING EXPENSES,0140,7675,Travel—Other,OPEX_SPA,OPERATING EXPENSES,Variable,1.0,GL,false,CWL 0140:7675
AMA,spa,Spa,OPERATING EXPENSES,0140,7680,Uniform Costs,OPEX_SPA,OPERATING EXPENSES,Variable,1.0,GL,false,CWL 0130:7680
AMA,spa,Spa,OPERATING EXPENSES,0140,7685,Uniform Laundry,OPEX_SPA,OPERATING EXPENSES,Variable,1.0,GL,false,CWL 0130:7685
AMA,spa,Spa,OPERATING EXPENSES,0140,7080,Commissions,OPEX_SPA,OPERATING EXPENSES,Variable,1.0,ANALOGIA,false,ANALOGIA cuenta 7080 en CWL OPERATING (Variable=4)
AMA,spa,Spa,OPERATING EXPENSES,0140,7085,Commissions and Fees—Group,OPEX_SPA,OPERATING EXPENSES,Variable,1.0,ANALOGIA,false,ANALOGIA cuenta 7085 en CWL OPERATING (Variable=3)
AMA,spa,Spa,OPERATING EXPENSES,0140,7090,Complimentary Food and Beverage,OPEX_SPA,OPERATING EXPENSES,Variable,1.0,ANALOGIA,false,ANALOGIA cuenta 7090 en CWL OPERATING (Variable=3)
AMA,spa,Spa,OPERATING EXPENSES,0140,7095,Complimentary In-Room/Media Entertainment,OPEX_SPA,OPERATING EXPENSES,Variable,1.0,ANALOGIA,false,ANALOGIA cuenta 7095 en CWL OPERATING (Variable=3)
AMA,spa,Spa,OPERATING EXPENSES,0140,7245,Guest Relocation,OPEX_SPA,OPERATING EXPENSES,Variable,1.0,ANALOGIA,false,ANALOGIA cuenta 7245 en CWL OPERATING (Variable=3)
AMA,spa,Spa,OPERATING EXPENSES,0140,7250,Guest Supplies,OPEX_SPA,OPERATING EXPENSES,Variable,1.0,ANALOGIA,false,ANALOGIA cuenta 7250 en CWL OPERATING (Variable=3)
AMA,spa,Spa,OPERATING EXPENSES,0140,7255,Guest Transportation,OPEX_SPA,OPERATING EXPENSES,Variable,1.0,ANALOGIA,false,ANALOGIA cuenta 7255 en CWL OPERATING (Variable=3)
AMA,spa,Spa,OPERATING EXPENSES,0140,7485,Postage and Overnight Delivery Charges,OPEX_SPA,OPERATING EXPENSES,Variable,1.0,ANALOGIA,false,ANALOGIA cuenta 7485 en CWL OPERATING (Variable=4)
AMA,tours,Tours,PAYROLL,0150,6000,Salary and Wages,OPEX_TOURS,OPERATING EXPENSES,Variable,1.0,GL,false,CWL 0150:6000
AMA,tours,Tours,PAYROLL,0150,6001,Overtime,OPEX_TOURS,OPERATING EXPENSES,Variable,1.0,GL,false,CWL 0150:6001
AMA,tours,Tours,PAYROLL,0150,6002,Day Off,OPEX_TOURS,OPERATING EXPENSES,Variable,1.0,GL,false,CWL 0150:6002
AMA,tours,Tours,PAYROLL,0150,6003,Working Holiday,OPEX_TOURS,OPERATING EXPENSES,Variable,1.0,GL,false,CWL 0150:6003
AMA,tours,Tours,PAYROLL,0150,6010,Commissions,OPEX_TOURS,OPERATING EXPENSES,Variable,1.0,GL,false,CWL 0150:6010
AMA,tours,Tours,PAYROLL,0150,6020,Social Security,OPEX_TOURS,OPERATING EXPENSES,Variable,1.0,GL,false,CWL 0150:6020
AMA,tours,Tours,PAYROLL,0150,6021,Christmas bonus,OPEX_TOURS,OPERATING EXPENSES,Variable,1.0,GL,false,CWL 0150:6021
AMA,tours,Tours,PAYROLL,0150,6022,Work Risk Policy,OPEX_TOURS,OPERATING EXPENSES,Variable,1.0,GL,false,CWL 0150:6022
AMA,tours,Tours,PAYROLL,0150,6023,Vacations Accrual,OPEX_TOURS,OPERATING EXPENSES,Variable,1.0,GL,false,CWL 0150:6023
AMA,tours,Tours,PAYROLL,0150,6024,Vacations Taken,OPEX_TOURS,OPERATING EXPENSES,Variable,1.0,GL,false,CWL 0150:6024
AMA,tours,Tours,PAYROLL,0150,6025,Cafeteria,OPEX_TOURS,OPERATING EXPENSES,Variable,1.0,GL,false,CWL 0150:6025
AMA,tours,Tours,PAYROLL,0150,6026,Notice and Severance Pay,OPEX_TOURS,OPERATING EXPENSES,Variable,1.0,GL,false,CWL 0150:6026
AMA,tours,Tours,PAYROLL,0150,6027,Incentive Bonus,OPEX_TOURS,OPERATING EXPENSES,Variable,1.0,GL,false,CWL 0150:6027
AMA,tours,Tours,PAYROLL,0150,6028,Housing,OPEX_TOURS,OPERATING EXPENSES,Variable,1.0,GL,false,CWL 0150:6028
AMA,tours,Tours,PAYROLL,0150,6029,Employee Transportation,OPEX_TOURS,OPERATING EXPENSES,Variable,1.0,GL,false,CWL 0150:6029
AMA,tours,Tours,PAYROLL,0150,6030,Employee Benefit Others,OPEX_TOURS,OPERATING EXPENSES,Variable,1.0,GL,false,CWL 0150:6030
AMA,tours,Tours,PAYROLL,0150,6031,contract labor,OPEX_TOURS,OPERATING EXPENSES,Variable,1.0,GL,false,CWL 0150:6031
AMA,tours,Tours,COST OF SALES,0150,5350,Cost Tours 1Costos Tours,COS_TOURS,COST OF SALES,Variable,1.0,GL,false,CWL 0150:5350
AMA,tours,Tours,COST OF SALES,0150,5351,Cost Tours 2Costos Tours,COS_TOURS,COST OF SALES,Variable,1.0,GL,false,CWL 0150:5351
AMA,tours,Tours,OPERATING EXPENSES,0150,7380,Miscellaneous,OPEX_TOURS,OPERATING EXPENSES,Variable,1.0,GL,false,CWL 0150:7380
AMA,tours,Tours,OPERATING EXPENSES,0150,7400,Operating Supplies,OPEX_TOURS,OPERATING EXPENSES,Variable,1.0,GL,false,CWL 0150:7400
AMA,tours,Tours,OPERATING EXPENSES,0150,7490,Printing and Stationery,OPEX_TOURS,OPERATING EXPENSES,Variable,1.0,GL,false,CWL 0150:7490
AMA,tours,Tours,OPERATING EXPENSES,0150,7665,Training,OPEX_TOURS,OPERATING EXPENSES,Variable,1.0,GL,false,CWL 0150:7665
AMA,tours,Tours,OPERATING EXPENSES,0150,7670,Travel—Meals and Entertainment,OPEX_TOURS,OPERATING EXPENSES,Variable,1.0,GL,false,CWL 0150:7670
AMA,tours,Tours,OPERATING EXPENSES,0150,7675,Travel—Other,OPEX_TOURS,OPERATING EXPENSES,Variable,1.0,GL,false,CWL 0150:7675
AMA,tours,Tours,OPERATING EXPENSES,0150,7680,Uniform Costs,OPEX_TOURS,OPERATING EXPENSES,Variable,1.0,GL,false,CWL 0150:7680
AMA,tours,Tours,OPERATING EXPENSES,0150,7685,Uniform Laundry,OPEX_TOURS,OPERATING EXPENSES,Variable,1.0,GL,false,CWL 0150:7685
AMA,tours,Tours,OPERATING EXPENSES,0150,7105,Contract Services,OPEX_TOURS,OPERATING EXPENSES,Variable,1.0,GL,false,CWL 0150:7105
AMA,tours,Tours,OPERATING EXPENSES,0150,7110,Corporate Office Reimbursables,OPEX_TOURS,OPERATING EXPENSES,Variable,1.0,ANALOGIA,false,ANALOGIA cuenta 7110 en CWL OPERATING (Variable=5)
AMA,tours,Tours,OPERATING EXPENSES,0150,7150,Dues and Subscriptions,OPEX_TOURS,OPERATING EXPENSES,Fixed Cost,0.0,ANALOGIA,false,ANALOGIA cuenta 7150 en CWL OPERATING (Fixed Cost=3/Variable=2)
AMA,tours,Tours,OPERATING EXPENSES,0150,7175,Entertainment—In-House,OPEX_TOURS,OPERATING EXPENSES,Variable,1.0,ANALOGIA,false,ANALOGIA cuenta 7175 en CWL OPERATING (Variable=5)
AMA,tours,Tours,OPERATING EXPENSES,0150,7185,Equipment Rental,OPEX_TOURS,OPERATING EXPENSES,Variable,1.0,ANALOGIA,false,ANALOGIA cuenta 7185 en CWL OPERATING (Variable=5)
AMA,tours,Tours,OPERATING EXPENSES,0150,7255,Guest Transportation,OPEX_ROOMS,OPERATING EXPENSES,Variable,1.0,ANALOGIA,false,ANALOGIA cuenta 7255 en CWL OPERATING (Variable=3)
AMA,gift-shop,Gift Shop,PAYROLL,0165,6000,Salary and Wages,OPEX_RETAIL,OPERATING EXPENSES,Variable,1.0,ANALOGIA,false,ANALOGIA cuenta 6000 en CWL OPERATING (Variable=7/Fixed Cost=2)
AMA,gift-shop,Gift Shop,PAYROLL,0165,6001,Overtime,OPEX_RETAIL,OPERATING EXPENSES,Variable,1.0,ANALOGIA,false,ANALOGIA cuenta 6001 en CWL OPERATING (Variable=7/Fixed Cost=1)
AMA,gift-shop,Gift Shop,PAYROLL,0165,6002,Day Off,OPEX_RETAIL,OPERATING EXPENSES,Variable,1.0,ANALOGIA,false,ANALOGIA cuenta 6002 en CWL OPERATING (Variable=7/Fixed Cost=1)
AMA,gift-shop,Gift Shop,PAYROLL,0165,6003,Working Holiday,OPEX_RETAIL,OPERATING EXPENSES,Variable,1.0,ANALOGIA,false,ANALOGIA cuenta 6003 en CWL OPERATING (Variable=7/Fixed Cost=2)
AMA,gift-shop,Gift Shop,PAYROLL,0165,6010,Commissions,OPEX_RETAIL,OPERATING EXPENSES,Variable,1.0,ANALOGIA,false,ANALOGIA cuenta 6010 en CWL OPERATING (Variable=7/Fixed Cost=2)
AMA,gift-shop,Gift Shop,PAYROLL,0165,6020,Social Security,OPEX_RETAIL,OPERATING EXPENSES,Variable,1.0,ANALOGIA,false,ANALOGIA cuenta 6020 en CWL OPERATING (Variable=7/Fixed Cost=2)
AMA,gift-shop,Gift Shop,PAYROLL,0165,6021,Christmas bonus,OPEX_RETAIL,OPERATING EXPENSES,Variable,1.0,ANALOGIA,false,ANALOGIA cuenta 6021 en CWL OPERATING (Variable=7/Fixed Cost=2)
AMA,gift-shop,Gift Shop,PAYROLL,0165,6022,Work Risk Policy,OPEX_RETAIL,OPERATING EXPENSES,Variable,1.0,ANALOGIA,false,ANALOGIA cuenta 6022 en CWL OPERATING (Variable=7/Fixed Cost=2)
AMA,gift-shop,Gift Shop,PAYROLL,0165,6023,Vacations Accrual,OPEX_RETAIL,OPERATING EXPENSES,Variable,1.0,ANALOGIA,false,ANALOGIA cuenta 6023 en CWL OPERATING (Variable=7/Fixed Cost=1)
AMA,gift-shop,Gift Shop,PAYROLL,0165,6024,Vacations Taken,OPEX_RETAIL,OPERATING EXPENSES,Variable,1.0,ANALOGIA,false,ANALOGIA cuenta 6024 en CWL OPERATING (Variable=7/Fixed Cost=2)
AMA,gift-shop,Gift Shop,PAYROLL,0165,6025,Cafeteria,OPEX_RETAIL,OPERATING EXPENSES,Variable,1.0,ANALOGIA,false,ANALOGIA cuenta 6025 en CWL OPERATING (Variable=7/Fixed Cost=2)
AMA,gift-shop,Gift Shop,PAYROLL,0165,6026,Notice and Severance Pay,OPEX_RETAIL,OPERATING EXPENSES,Variable,1.0,ANALOGIA,false,ANALOGIA cuenta 6026 en CWL OPERATING (Variable=7/Fixed Cost=1)
AMA,gift-shop,Gift Shop,PAYROLL,0165,6027,Incentive Bonus,OPEX_RETAIL,OPERATING EXPENSES,Variable,1.0,ANALOGIA,false,ANALOGIA cuenta 6027 en CWL OPERATING (Variable=7/Fixed Cost=1)
AMA,gift-shop,Gift Shop,PAYROLL,0165,6028,Housing,OPEX_RETAIL,OPERATING EXPENSES,Variable,1.0,ANALOGIA,false,ANALOGIA cuenta 6028 en CWL OPERATING (Variable=7/Fixed Cost=1)
AMA,gift-shop,Gift Shop,PAYROLL,0165,6029,Employee Transportation,OPEX_RETAIL,OPERATING EXPENSES,Variable,1.0,ANALOGIA,false,ANALOGIA cuenta 6029 en CWL OPERATING (Variable=7/Fixed Cost=2)
AMA,gift-shop,Gift Shop,PAYROLL,0165,6030,Employee Benefit Others,OPEX_RETAIL,OPERATING EXPENSES,Variable,1.0,ANALOGIA,false,ANALOGIA cuenta 6030 en CWL OPERATING (Variable=7/Fixed Cost=2)
AMA,gift-shop,Gift Shop,COST OF SALES,0165,5206,Visors/Hats/Caps CostCostos Tienda,COS_RETAIL,COST OF SALES,Variable,1.0,GL,false,CWL 0165:5206
AMA,gift-shop,Gift Shop,COST OF SALES,0165,5208,Clothing Other 1 CostCostos Tienda,COS_RETAIL,COST OF SALES,Variable,1.0,GL,false,CWL 0165:5208
AMA,gift-shop,Gift Shop,OPERATING EXPENSES,0165,7380,Miscellaneous,OPEX_RETAIL,OPERATING EXPENSES,Variable,1.0,GL,false,CWL 0165:7380
AMA,gift-shop,Gift Shop,OPERATING EXPENSES,0165,7400,Operating Supplies,OPEX_RETAIL,OPERATING EXPENSES,Variable,1.0,GL,false,CWL 0165:7400
AMA,gift-shop,Gift Shop,OPERATING EXPENSES,0165,7490,Printing and Stationery,OPEX_RETAIL,OPERATING EXPENSES,Variable,1.0,GL,false,CWL 0165:7490
AMA,gift-shop,Gift Shop,OPERATING EXPENSES,0165,7665,Training,OPEX_RETAIL,OPERATING EXPENSES,Variable,1.0,GL,false,CWL 0165:7665
AMA,gift-shop,Gift Shop,OPERATING EXPENSES,0165,7670,Travel—Meals and Entertainment,OPEX_RETAIL,OPERATING EXPENSES,Variable,1.0,GL,false,CWL 0165:7670
AMA,gift-shop,Gift Shop,OPERATING EXPENSES,0165,7675,Travel—Other,OPEX_RETAIL,OPERATING EXPENSES,Variable,1.0,GL,false,CWL 0165:7675
AMA,gift-shop,Gift Shop,OPERATING EXPENSES,0165,7680,Uniform Costs,OPEX_RETAIL,OPERATING EXPENSES,Variable,1.0,GL,false,CWL 0165:7680
AMA,gift-shop,Gift Shop,OPERATING EXPENSES,0165,7685,Uniform Laundry,OPEX_RETAIL,OPERATING EXPENSES,Variable,1.0,GL,false,CWL 0165:7685
AMA,gift-shop,Gift Shop,OPERATING EXPENSES,0165,7105,Contract Services,OPEX_RETAIL,OPERATING EXPENSES,Variable,1.0,ANALOGIA,false,ANALOGIA cuenta 7105 en CWL OPERATING (Variable=7/Fixed Cost=1)
AMA,gift-shop,Gift Shop,OPERATING EXPENSES,0165,7110,Corporate Office Reimbursables,OPEX_RETAIL,OPERATING EXPENSES,Variable,1.0,ANALOGIA,false,ANALOGIA cuenta 7110 en CWL OPERATING (Variable=5)
AMA,gift-shop,Gift Shop,OPERATING EXPENSES,0165,7150,Dues and Subscriptions,OPEX_RETAIL,OPERATING EXPENSES,Fixed Cost,0.0,ANALOGIA,false,ANALOGIA cuenta 7150 en CWL OPERATING (Fixed Cost=3/Variable=2)
AMA,gift-shop,Gift Shop,OPERATING EXPENSES,0165,7175,Entertainment—In-House,OPEX_RETAIL,OPERATING EXPENSES,Variable,1.0,ANALOGIA,false,ANALOGIA cuenta 7175 en CWL OPERATING (Variable=5)
AMA,gift-shop,Gift Shop,OPERATING EXPENSES,0165,7185,Equipment Rental,OPEX_RETAIL,OPERATING EXPENSES,Variable,1.0,ANALOGIA,false,ANALOGIA cuenta 7185 en CWL OPERATING (Variable=5)
AMA,transportation,Transportation,PAYROLL,0152,6000,Salary and Wages,OPEX_TRANSPORTATION,OPERATING EXPENSES,Variable,1.0,GL,false,CWL 0152:6000
AMA,transportation,Transportation,PAYROLL,0152,6001,Overtime,OPEX_TRANSPORTATION,OPERATING EXPENSES,Variable,1.0,GL,false,CWL 0152:6001
AMA,transportation,Transportation,PAYROLL,0152,6002,Day Off,OPEX_TRANSPORTATION,OPERATING EXPENSES,Variable,1.0,GL,false,CWL 0152:6002
AMA,transportation,Transportation,PAYROLL,0152,6003,Working Holiday,OPEX_TRANSPORTATION,OPERATING EXPENSES,Variable,1.0,GL,false,CWL 0152:6003
AMA,transportation,Transportation,PAYROLL,0152,6010,Commissions,OPEX_TRANSPORTATION,OPERATING EXPENSES,Variable,1.0,GL,false,CWL 0152:6010
AMA,transportation,Transportation,PAYROLL,0152,6020,Social Security,OPEX_TRANSPORTATION,OPERATING EXPENSES,Variable,1.0,GL,false,CWL 0152:6020
AMA,transportation,Transportation,PAYROLL,0152,6021,Christmas bonus,OPEX_TRANSPORTATION,OPERATING EXPENSES,Variable,1.0,GL,false,CWL 0152:6021
AMA,transportation,Transportation,PAYROLL,0152,6022,Work Risk Policy,OPEX_TRANSPORTATION,OPERATING EXPENSES,Variable,1.0,GL,false,CWL 0152:6022
AMA,transportation,Transportation,PAYROLL,0152,6023,Vacations Accrual,OPEX_TRANSPORTATION,OPERATING EXPENSES,Variable,1.0,GL,false,CWL 0152:6023
AMA,transportation,Transportation,PAYROLL,0152,6024,Vacations Taken,OPEX_TRANSPORTATION,OPERATING EXPENSES,Variable,1.0,GL,false,CWL 0152:6024
AMA,transportation,Transportation,PAYROLL,0152,6025,Cafeteria,OPEX_TRANSPORTATION,OPERATING EXPENSES,Variable,1.0,GL,false,CWL 0152:6025
AMA,transportation,Transportation,PAYROLL,0152,6026,Notice and Severance Pay,OPEX_TRANSPORTATION,OPERATING EXPENSES,Variable,1.0,GL,false,CWL 0152:6026
AMA,transportation,Transportation,PAYROLL,0152,6027,Incentive Bonus,OPEX_TRANSPORTATION,OPERATING EXPENSES,Variable,1.0,GL,false,CWL 0152:6027
AMA,transportation,Transportation,PAYROLL,0152,6028,Housing,OPEX_TRANSPORTATION,OPERATING EXPENSES,Variable,1.0,GL,false,CWL 0152:6028
AMA,transportation,Transportation,PAYROLL,0152,6029,Employee Transportation,OPEX_TRANSPORTATION,OPERATING EXPENSES,Variable,1.0,GL,false,CWL 0152:6029
AMA,transportation,Transportation,PAYROLL,0152,6030,Employee Benefit Others,OPEX_TRANSPORTATION,OPERATING EXPENSES,Variable,1.0,GL,false,CWL 0152:6030
AMA,transportation,Transportation,COST OF SALES,0152,5350,Cost Tours 1Costos Tours,COS_TRANSPORTATION,COST OF SALES,Fixed Cost,0.0,GL,false,CWL 0152:5350
AMA,transportation,Transportation,COST OF SALES,0152,5351,Cost Tours 2Costos Tours,COS_TRANSPORTATION,COST OF SALES,Fixed Cost,0.0,GL,false,CWL 0152:5351
AMA,transportation,Transportation,COST OF SALES,0152,5352,Cost Tours 2Costos Tours,COS_TRANSPORTATION,COST OF SALES,Fixed Cost,0.0,GL,false,CWL 0152:5352
AMA,transportation,Transportation,OPERATING EXPENSES,0152,7380,Miscellaneous,OPEX_TRANSPORTATION,OPERATING EXPENSES,Variable,1.0,GL,false,CWL 0152:7380
AMA,transportation,Transportation,OPERATING EXPENSES,0152,7400,Operating Supplies,OPEX_TRANSPORTATION,OPERATING EXPENSES,Variable,1.0,GL,false,CWL 0152:7400
AMA,transportation,Transportation,OPERATING EXPENSES,0152,7490,Printing and Stationery,OPEX_TRANSPORTATION,OPERATING EXPENSES,Variable,1.0,GL,false,CWL 0152:7490
AMA,transportation,Transportation,OPERATING EXPENSES,0152,7665,Training,OPEX_TRANSPORTATION,OPERATING EXPENSES,Variable,1.0,GL,false,CWL 0152:7665
AMA,transportation,Transportation,OPERATING EXPENSES,0152,7670,Travel—Meals and Entertainment,OPEX_TRANSPORTATION,OPERATING EXPENSES,Variable,1.0,GL,false,CWL 0152:7670
AMA,transportation,Transportation,OPERATING EXPENSES,0152,7675,Travel—Other,OPEX_TRANSPORTATION,OPERATING EXPENSES,Variable,1.0,GL,false,CWL 0152:7675
AMA,transportation,Transportation,OPERATING EXPENSES,0152,7680,Uniform Costs,OPEX_TRANSPORTATION,OPERATING EXPENSES,Variable,1.0,GL,false,CWL 0152:7680
AMA,transportation,Transportation,OPERATING EXPENSES,0152,7685,Uniform Laundry,OPEX_TRANSPORTATION,OPERATING EXPENSES,Variable,1.0,GL,false,CWL 0152:7685
AMA,transportation,Transportation,OPERATING EXPENSES,0152,7105,Contract Services,OPEX_TRANSPORTATION,OPERATING EXPENSES,Variable,1.0,ANALOGIA,false,ANALOGIA cuenta 7105 en CWL OPERATING (Variable=7/Fixed Cost=1)
AMA,transportation,Transportation,OPERATING EXPENSES,0152,7110,Corporate Office Reimbursables,OPEX_TRANSPORTATION,OPERATING EXPENSES,Variable,1.0,ANALOGIA,false,ANALOGIA cuenta 7110 en CWL OPERATING (Variable=5)
AMA,transportation,Transportation,OPERATING EXPENSES,0152,7150,Dues and Subscriptions,OPEX_TRANSPORTATION,OPERATING EXPENSES,Fixed Cost,0.0,ANALOGIA,false,ANALOGIA cuenta 7150 en CWL OPERATING (Fixed Cost=3/Variable=2)
AMA,transportation,Transportation,OPERATING EXPENSES,0152,7175,Entertainment—In-House,OPEX_TRANSPORTATION,OPERATING EXPENSES,Variable,1.0,ANALOGIA,false,ANALOGIA cuenta 7175 en CWL OPERATING (Variable=5)
AMA,transportation,Transportation,OPERATING EXPENSES,0152,7185,Equipment Rental,OPEX_TRANSPORTATION,OPERATING EXPENSES,Variable,1.0,ANALOGIA,false,ANALOGIA cuenta 7185 en CWL OPERATING (Variable=5)
AMA,innoceana,Innoceana,PAYROLL,0155,6000,Salary and Wages,OPEX_INNOCEANA,OPERATING EXPENSES,Variable,1.0,GL,false,CWL 0155:6000
AMA,innoceana,Innoceana,PAYROLL,0155,6001,Overtime,OPEX_INNOCEANA,OPERATING EXPENSES,Variable,1.0,GL,false,CWL 0155:6001
AMA,innoceana,Innoceana,PAYROLL,0155,6002,Day Off,OPEX_INNOCEANA,OPERATING EXPENSES,Variable,1.0,GL,false,CWL 0155:6002
AMA,innoceana,Innoceana,PAYROLL,0155,6003,Working Holiday,OPEX_INNOCEANA,OPERATING EXPENSES,Variable,1.0,GL,false,CWL 0155:6003
AMA,innoceana,Innoceana,PAYROLL,0155,6010,Commissions,OPEX_INNOCEANA,OPERATING EXPENSES,Variable,1.0,GL,false,CWL 0155:6010
AMA,innoceana,Innoceana,PAYROLL,0155,6020,Social Security,OPEX_INNOCEANA,OPERATING EXPENSES,Variable,1.0,GL,false,CWL 0155:6020
AMA,innoceana,Innoceana,PAYROLL,0155,6021,Christmas bonus,OPEX_INNOCEANA,OPERATING EXPENSES,Variable,1.0,GL,false,CWL 0155:6021
AMA,innoceana,Innoceana,PAYROLL,0155,6022,Work Risk Policy,OPEX_INNOCEANA,OPERATING EXPENSES,Variable,1.0,GL,false,CWL 0155:6022
AMA,innoceana,Innoceana,PAYROLL,0155,6023,Vacations Accrual,OPEX_INNOCEANA,OPERATING EXPENSES,Variable,1.0,GL,false,CWL 0155:6023
AMA,innoceana,Innoceana,PAYROLL,0155,6024,Vacations Taken,OPEX_INNOCEANA,OPERATING EXPENSES,Variable,1.0,GL,false,CWL 0155:6024
AMA,innoceana,Innoceana,PAYROLL,0155,6025,Cafeteria,OPEX_INNOCEANA,OPERATING EXPENSES,Variable,1.0,GL,false,CWL 0155:6025
AMA,innoceana,Innoceana,PAYROLL,0155,6026,Notice and Severance Pay,OPEX_INNOCEANA,OPERATING EXPENSES,Variable,1.0,GL,false,CWL 0155:6026
AMA,innoceana,Innoceana,PAYROLL,0155,6027,Incentive Bonus,OPEX_INNOCEANA,OPERATING EXPENSES,Variable,1.0,GL,false,CWL 0155:6027
AMA,innoceana,Innoceana,PAYROLL,0155,6028,Housing,OPEX_INNOCEANA,OPERATING EXPENSES,Variable,1.0,GL,false,CWL 0155:6028
AMA,innoceana,Innoceana,PAYROLL,0155,6029,Employee Transportation,OPEX_INNOCEANA,OPERATING EXPENSES,Variable,1.0,GL,false,CWL 0155:6029
AMA,innoceana,Innoceana,PAYROLL,0155,6030,Employee Benefit Others,OPEX_INNOCEANA,OPERATING EXPENSES,Variable,1.0,GL,false,CWL 0155:6030
AMA,innoceana,Innoceana,OPERATING EXPENSES,0155,7380,Miscellaneous,OPEX_INNOCEANA,OPERATING EXPENSES,Variable,1.0,GL,false,CWL 0155:7380
AMA,innoceana,Innoceana,OPERATING EXPENSES,0155,7400,Operating Supplies,OPEX_INNOCEANA,OPERATING EXPENSES,Variable,1.0,GL,false,CWL 0155:7400
AMA,innoceana,Innoceana,OPERATING EXPENSES,0155,7490,Printing and Stationery,OPEX_INNOCEANA,OPERATING EXPENSES,Variable,1.0,GL,false,CWL 0155:7490
AMA,innoceana,Innoceana,OPERATING EXPENSES,0155,7665,Training,OPEX_INNOCEANA,OPERATING EXPENSES,Variable,1.0,GL,false,CWL 0155:7665
AMA,innoceana,Innoceana,OPERATING EXPENSES,0155,7670,Travel—Meals and Entertainment,OPEX_INNOCEANA,OPERATING EXPENSES,Variable,1.0,GL,false,CWL 0155:7670
AMA,innoceana,Innoceana,OPERATING EXPENSES,0155,7675,Travel—Other,OPEX_INNOCEANA,OPERATING EXPENSES,Variable,1.0,GL,false,CWL 0155:7675
AMA,innoceana,Innoceana,OPERATING EXPENSES,0155,7680,Uniform Costs,OPEX_INNOCEANA,OPERATING EXPENSES,Variable,1.0,GL,false,CWL 0155:7680
AMA,innoceana,Innoceana,OPERATING EXPENSES,0155,7685,Uniform Laundry,OPEX_INNOCEANA,OPERATING EXPENSES,Variable,1.0,GL,false,CWL 0155:7685
AMA,innoceana,Innoceana,OPERATING EXPENSES,0155,7105,Contract Services,OPEX_INNOCEANA,OPERATING EXPENSES,Fixed Cost,0.0,GL,false,CWL 0155:7105
AMA,innoceana,Innoceana,OPERATING EXPENSES,0155,7110,Corporate Office Reimbursables,OPEX_INNOCEANA,OPERATING EXPENSES,Variable,1.0,ANALOGIA,false,ANALOGIA cuenta 7110 en CWL OPERATING (Variable=5)
AMA,innoceana,Innoceana,OPERATING EXPENSES,0155,7150,Dues and Subscriptions,OPEX_INNOCEANA,OPERATING EXPENSES,Fixed Cost,0.0,ANALOGIA,false,ANALOGIA cuenta 7150 en CWL OPERATING (Fixed Cost=3/Variable=2)
AMA,innoceana,Innoceana,OPERATING EXPENSES,0155,7175,Entertainment—In-House,OPEX_INNOCEANA,OPERATING EXPENSES,Variable,1.0,ANALOGIA,false,ANALOGIA cuenta 7175 en CWL OPERATING (Variable=5)
AMA,innoceana,Innoceana,OPERATING EXPENSES,0155,7185,Equipment Rental,OPEX_INNOCEANA,OPERATING EXPENSES,Variable,1.0,ANALOGIA,false,ANALOGIA cuenta 7185 en CWL OPERATING (Variable=5)
AMA,crowther-lab,Crowther Lab,PAYROLL,0156,6000,Salary and Wages,OPEX_CROWTHER_LAB,OPERATING EXPENSES,Variable,1.0,ANALOGIA,false,ANALOGIA cuenta 6000 en CWL OPERATING (Variable=7/Fixed Cost=2)
AMA,crowther-lab,Crowther Lab,PAYROLL,0156,6001,Overtime,OPEX_CROWTHER_LAB,OPERATING EXPENSES,Variable,1.0,ANALOGIA,false,ANALOGIA cuenta 6001 en CWL OPERATING (Variable=7/Fixed Cost=1)
AMA,crowther-lab,Crowther Lab,PAYROLL,0156,6002,Day Off,OPEX_CROWTHER_LAB,OPERATING EXPENSES,Variable,1.0,ANALOGIA,false,ANALOGIA cuenta 6002 en CWL OPERATING (Variable=7/Fixed Cost=1)
AMA,crowther-lab,Crowther Lab,PAYROLL,0156,6003,Working Holiday,OPEX_CROWTHER_LAB,OPERATING EXPENSES,Variable,1.0,ANALOGIA,false,ANALOGIA cuenta 6003 en CWL OPERATING (Variable=7/Fixed Cost=2)
AMA,crowther-lab,Crowther Lab,PAYROLL,0156,6010,Commissions,OPEX_CROWTHER_LAB,OPERATING EXPENSES,Variable,1.0,ANALOGIA,false,ANALOGIA cuenta 6010 en CWL OPERATING (Variable=7/Fixed Cost=2)
AMA,crowther-lab,Crowther Lab,PAYROLL,0156,6020,Social Security,OPEX_CROWTHER_LAB,OPERATING EXPENSES,Variable,1.0,ANALOGIA,false,ANALOGIA cuenta 6020 en CWL OPERATING (Variable=7/Fixed Cost=2)
AMA,crowther-lab,Crowther Lab,PAYROLL,0156,6021,Christmas bonus,OPEX_CROWTHER_LAB,OPERATING EXPENSES,Variable,1.0,ANALOGIA,false,ANALOGIA cuenta 6021 en CWL OPERATING (Variable=7/Fixed Cost=2)
AMA,crowther-lab,Crowther Lab,PAYROLL,0156,6022,Work Risk Policy,OPEX_CROWTHER_LAB,OPERATING EXPENSES,Variable,1.0,ANALOGIA,false,ANALOGIA cuenta 6022 en CWL OPERATING (Variable=7/Fixed Cost=2)
AMA,crowther-lab,Crowther Lab,PAYROLL,0156,6023,Vacations Accrual,OPEX_CROWTHER_LAB,OPERATING EXPENSES,Variable,1.0,ANALOGIA,false,ANALOGIA cuenta 6023 en CWL OPERATING (Variable=7/Fixed Cost=1)
AMA,crowther-lab,Crowther Lab,PAYROLL,0156,6024,Vacations Taken,OPEX_CROWTHER_LAB,OPERATING EXPENSES,Variable,1.0,ANALOGIA,false,ANALOGIA cuenta 6024 en CWL OPERATING (Variable=7/Fixed Cost=2)
AMA,crowther-lab,Crowther Lab,PAYROLL,0156,6025,Cafeteria,OPEX_CROWTHER_LAB,OPERATING EXPENSES,Variable,1.0,ANALOGIA,false,ANALOGIA cuenta 6025 en CWL OPERATING (Variable=7/Fixed Cost=2)
AMA,crowther-lab,Crowther Lab,PAYROLL,0156,6026,Notice and Severance Pay,OPEX_CROWTHER_LAB,OPERATING EXPENSES,Variable,1.0,ANALOGIA,false,ANALOGIA cuenta 6026 en CWL OPERATING (Variable=7/Fixed Cost=1)
AMA,crowther-lab,Crowther Lab,PAYROLL,0156,6027,Incentive Bonus,OPEX_CROWTHER_LAB,OPERATING EXPENSES,Variable,1.0,ANALOGIA,false,ANALOGIA cuenta 6027 en CWL OPERATING (Variable=7/Fixed Cost=1)
AMA,crowther-lab,Crowther Lab,PAYROLL,0156,6028,Housing,OPEX_CROWTHER_LAB,OPERATING EXPENSES,Variable,1.0,ANALOGIA,false,ANALOGIA cuenta 6028 en CWL OPERATING (Variable=7/Fixed Cost=1)
AMA,crowther-lab,Crowther Lab,PAYROLL,0156,6029,Employee Transportation,OPEX_CROWTHER_LAB,OPERATING EXPENSES,Variable,1.0,ANALOGIA,false,ANALOGIA cuenta 6029 en CWL OPERATING (Variable=7/Fixed Cost=2)
AMA,crowther-lab,Crowther Lab,PAYROLL,0156,6030,Employee Benefit Others,OPEX_CROWTHER_LAB,OPERATING EXPENSES,Variable,1.0,ANALOGIA,false,ANALOGIA cuenta 6030 en CWL OPERATING (Variable=7/Fixed Cost=2)
AMA,crowther-lab,Crowther Lab,OPERATING EXPENSES,0156,7380,Miscellaneous,OPEX_CROWTHER_LAB,OPERATING EXPENSES,Variable,1.0,ANALOGIA,false,ANALOGIA cuenta 7380 en CWL OPERATING (Variable=10)
AMA,crowther-lab,Crowther Lab,OPERATING EXPENSES,0156,7400,Operating Supplies,OPEX_CROWTHER_LAB,OPERATING EXPENSES,Variable,1.0,ANALOGIA,false,ANALOGIA cuenta 7400 en CWL OPERATING (Variable=10)
AMA,crowther-lab,Crowther Lab,OPERATING EXPENSES,0156,7490,Printing and Stationery,OPEX_CROWTHER_LAB,OPERATING EXPENSES,Variable,1.0,ANALOGIA,false,ANALOGIA cuenta 7490 en CWL OPERATING (Variable=9)
AMA,crowther-lab,Crowther Lab,OPERATING EXPENSES,0156,7665,Training,OPEX_CROWTHER_LAB,OPERATING EXPENSES,Variable,1.0,ANALOGIA,false,ANALOGIA cuenta 7665 en CWL OPERATING (Variable=10)
AMA,crowther-lab,Crowther Lab,OPERATING EXPENSES,0156,7670,Travel—Meals and Entertainment,OPEX_CROWTHER_LAB,OPERATING EXPENSES,Variable,1.0,ANALOGIA,false,ANALOGIA cuenta 7670 en CWL OPERATING (Variable=9)
AMA,crowther-lab,Crowther Lab,OPERATING EXPENSES,0156,7675,Travel—Other,OPEX_CROWTHER_LAB,OPERATING EXPENSES,Variable,1.0,ANALOGIA,false,ANALOGIA cuenta 7675 en CWL OPERATING (Variable=9)
AMA,crowther-lab,Crowther Lab,OPERATING EXPENSES,0156,7680,Uniform Costs,OPEX_CROWTHER_LAB,OPERATING EXPENSES,Variable,1.0,ANALOGIA,false,ANALOGIA cuenta 7680 en CWL OPERATING (Variable=10)
AMA,crowther-lab,Crowther Lab,OPERATING EXPENSES,0156,7685,Uniform Laundry,OPEX_CROWTHER_LAB,OPERATING EXPENSES,Variable,1.0,ANALOGIA,false,ANALOGIA cuenta 7685 en CWL OPERATING (Variable=10)
AMA,crowther-lab,Crowther Lab,OPERATING EXPENSES,0156,7105,Contract Services,OPEX_CROWTHER_LAB,OPERATING EXPENSES,Variable,1.0,ANALOGIA,false,ANALOGIA cuenta 7105 en CWL OPERATING (Variable=7/Fixed Cost=1)
AMA,crowther-lab,Crowther Lab,OPERATING EXPENSES,0156,7110,Corporate Office Reimbursables,OPEX_CROWTHER_LAB,OPERATING EXPENSES,Variable,1.0,ANALOGIA,false,ANALOGIA cuenta 7110 en CWL OPERATING (Variable=5)
AMA,crowther-lab,Crowther Lab,OPERATING EXPENSES,0156,7150,Dues and Subscriptions,OPEX_CROWTHER_LAB,OPERATING EXPENSES,Fixed Cost,0.0,ANALOGIA,false,ANALOGIA cuenta 7150 en CWL OPERATING (Fixed Cost=3/Variable=2)
AMA,crowther-lab,Crowther Lab,OPERATING EXPENSES,0156,7175,Entertainment—In-House,OPEX_CROWTHER_LAB,OPERATING EXPENSES,Variable,1.0,ANALOGIA,false,ANALOGIA cuenta 7175 en CWL OPERATING (Variable=5)
AMA,crowther-lab,Crowther Lab,OPERATING EXPENSES,0156,7185,Equipment Rental,OPEX_CROWTHER_LAB,OPERATING EXPENSES,Variable,1.0,ANALOGIA,false,ANALOGIA cuenta 7185 en CWL OPERATING (Variable=5)
AMA,laundry,Laundry,COST OF SALES,0162,5603,Costos 1,COS_LAUNDRY,COST OF SALES,Variable,1.0,GL,false,CWL 0162:5603
AMA,laundry,Laundry,COST OF SALES,0162,5301,Costo Servicio Lavanderia (huespedes),COS_LAUNDRY,COST OF SALES,Variable,1.0,GL,false,CWL 0162:5301
AMA,claro-huerta,Claro Huerta,PAYROLL,0205,6000,Salary and Wages,OH_CLARO_HUERTA,OVERHEAD EXPENSES,Variable,1.0,ANALOGIA,false,ANALOGIA cuenta 6000 en CWL OPERATING (Variable=7/Fixed Cost=2)
AMA,claro-huerta,Claro Huerta,PAYROLL,0205,6001,Overtime,OH_CLARO_HUERTA,OVERHEAD EXPENSES,Variable,1.0,ANALOGIA,false,ANALOGIA cuenta 6001 en CWL OPERATING (Variable=7/Fixed Cost=1)
AMA,claro-huerta,Claro Huerta,PAYROLL,0205,6002,Day Off,OH_CLARO_HUERTA,OVERHEAD EXPENSES,Variable,1.0,ANALOGIA,false,ANALOGIA cuenta 6002 en CWL OPERATING (Variable=7/Fixed Cost=1)
AMA,claro-huerta,Claro Huerta,PAYROLL,0205,6003,Working Holiday,OH_CLARO_HUERTA,OVERHEAD EXPENSES,Variable,1.0,ANALOGIA,false,ANALOGIA cuenta 6003 en CWL OPERATING (Variable=7/Fixed Cost=2)
AMA,claro-huerta,Claro Huerta,PAYROLL,0205,6010,Commissions,OH_CLARO_HUERTA,OVERHEAD EXPENSES,Variable,1.0,ANALOGIA,false,ANALOGIA cuenta 6010 en CWL OPERATING (Variable=7/Fixed Cost=2)
AMA,claro-huerta,Claro Huerta,PAYROLL,0205,6020,Social Security,OH_CLARO_HUERTA,OVERHEAD EXPENSES,Variable,1.0,ANALOGIA,false,ANALOGIA cuenta 6020 en CWL OPERATING (Variable=7/Fixed Cost=2)
AMA,claro-huerta,Claro Huerta,PAYROLL,0205,6021,Christmas bonus,OH_CLARO_HUERTA,OVERHEAD EXPENSES,Variable,1.0,ANALOGIA,false,ANALOGIA cuenta 6021 en CWL OPERATING (Variable=7/Fixed Cost=2)
AMA,claro-huerta,Claro Huerta,PAYROLL,0205,6022,Work Risk Policy,OH_CLARO_HUERTA,OVERHEAD EXPENSES,Variable,1.0,ANALOGIA,false,ANALOGIA cuenta 6022 en CWL OPERATING (Variable=7/Fixed Cost=2)
AMA,claro-huerta,Claro Huerta,PAYROLL,0205,6023,Vacations Accrual,OH_CLARO_HUERTA,OVERHEAD EXPENSES,Variable,1.0,ANALOGIA,false,ANALOGIA cuenta 6023 en CWL OPERATING (Variable=7/Fixed Cost=1)
AMA,claro-huerta,Claro Huerta,PAYROLL,0205,6024,Vacations Taken,OH_CLARO_HUERTA,OVERHEAD EXPENSES,Variable,1.0,ANALOGIA,false,ANALOGIA cuenta 6024 en CWL OPERATING (Variable=7/Fixed Cost=2)
AMA,claro-huerta,Claro Huerta,PAYROLL,0205,6025,Cafeteria,OH_CLARO_HUERTA,OVERHEAD EXPENSES,Variable,1.0,ANALOGIA,false,ANALOGIA cuenta 6025 en CWL OPERATING (Variable=7/Fixed Cost=2)
AMA,claro-huerta,Claro Huerta,PAYROLL,0205,6026,Notice and Severance Pay,OH_CLARO_HUERTA,OVERHEAD EXPENSES,Variable,1.0,ANALOGIA,false,ANALOGIA cuenta 6026 en CWL OPERATING (Variable=7/Fixed Cost=1)
AMA,claro-huerta,Claro Huerta,PAYROLL,0205,6027,Incentive Bonus,OH_CLARO_HUERTA,OVERHEAD EXPENSES,Variable,1.0,ANALOGIA,false,ANALOGIA cuenta 6027 en CWL OPERATING (Variable=7/Fixed Cost=1)
AMA,claro-huerta,Claro Huerta,PAYROLL,0205,6028,Housing,OH_CLARO_HUERTA,OVERHEAD EXPENSES,Variable,1.0,ANALOGIA,false,ANALOGIA cuenta 6028 en CWL OPERATING (Variable=7/Fixed Cost=1)
AMA,claro-huerta,Claro Huerta,PAYROLL,0205,6029,Employee Transportation,OH_CLARO_HUERTA,OVERHEAD EXPENSES,Variable,1.0,ANALOGIA,false,ANALOGIA cuenta 6029 en CWL OPERATING (Variable=7/Fixed Cost=2)
AMA,claro-huerta,Claro Huerta,PAYROLL,0205,6030,Employee Benefit Others,OH_CLARO_HUERTA,OVERHEAD EXPENSES,Variable,1.0,ANALOGIA,false,ANALOGIA cuenta 6030 en CWL OPERATING (Variable=7/Fixed Cost=2)
AMA,claro-huerta,Claro Huerta,OPERATING EXPENSES,0205,7380,Miscellaneous,OH_CLARO_HUERTA,OVERHEAD EXPENSES,Variable,1.0,ANALOGIA,false,ANALOGIA cuenta 7380 en CWL OPERATING (Variable=10)
AMA,claro-huerta,Claro Huerta,OPERATING EXPENSES,0205,7400,Operating Supplies,OH_CLARO_HUERTA,OVERHEAD EXPENSES,Variable,1.0,ANALOGIA,false,ANALOGIA cuenta 7400 en CWL OPERATING (Variable=10)
AMA,claro-huerta,Claro Huerta,OPERATING EXPENSES,0205,7490,Printing and Stationery,OH_CLARO_HUERTA,OVERHEAD EXPENSES,Variable,1.0,ANALOGIA,false,ANALOGIA cuenta 7490 en CWL OPERATING (Variable=9)
AMA,claro-huerta,Claro Huerta,OPERATING EXPENSES,0205,7665,Training,OH_CLARO_HUERTA,OVERHEAD EXPENSES,Variable,1.0,ANALOGIA,false,ANALOGIA cuenta 7665 en CWL OPERATING (Variable=10)
AMA,claro-huerta,Claro Huerta,OPERATING EXPENSES,0205,7670,Travel—Meals and Entertainment,OH_CLARO_HUERTA,OVERHEAD EXPENSES,Variable,1.0,ANALOGIA,false,ANALOGIA cuenta 7670 en CWL OPERATING (Variable=9)
AMA,claro-huerta,Claro Huerta,OPERATING EXPENSES,0205,7675,Travel—Other,OH_CLARO_HUERTA,OVERHEAD EXPENSES,Variable,1.0,ANALOGIA,false,ANALOGIA cuenta 7675 en CWL OPERATING (Variable=9)
AMA,claro-huerta,Claro Huerta,OPERATING EXPENSES,0205,7680,Uniform Costs,OH_CLARO_HUERTA,OVERHEAD EXPENSES,Variable,1.0,ANALOGIA,false,ANALOGIA cuenta 7680 en CWL OPERATING (Variable=10)
AMA,claro-huerta,Claro Huerta,OPERATING EXPENSES,0205,7685,Uniform Laundry,OH_CLARO_HUERTA,OVERHEAD EXPENSES,Variable,1.0,ANALOGIA,false,ANALOGIA cuenta 7685 en CWL OPERATING (Variable=10)
AMA,claro-huerta,Claro Huerta,OPERATING EXPENSES,0205,7105,Contract Services,OH_CLARO_HUERTA,OVERHEAD EXPENSES,Variable,1.0,ANALOGIA,false,ANALOGIA cuenta 7105 en CWL OPERATING (Variable=7/Fixed Cost=1)
AMA,claro-huerta,Claro Huerta,OPERATING EXPENSES,0205,7110,Corporate Office Reimbursables,OH_CLARO_HUERTA,OVERHEAD EXPENSES,Variable,1.0,ANALOGIA,false,ANALOGIA cuenta 7110 en CWL OPERATING (Variable=5)
AMA,claro-huerta,Claro Huerta,OPERATING EXPENSES,0205,7150,Dues and Subscriptions,OH_CLARO_HUERTA,OVERHEAD EXPENSES,Fixed Cost,0.0,ANALOGIA,false,ANALOGIA cuenta 7150 en CWL OPERATING (Fixed Cost=3/Variable=2)
AMA,claro-huerta,Claro Huerta,OPERATING EXPENSES,0205,7175,Entertainment—In-House,OH_CLARO_HUERTA,OVERHEAD EXPENSES,Variable,1.0,ANALOGIA,false,ANALOGIA cuenta 7175 en CWL OPERATING (Variable=5)
AMA,claro-huerta,Claro Huerta,OPERATING EXPENSES,0205,7185,Equipment Rental,OH_CLARO_HUERTA,OVERHEAD EXPENSES,Variable,1.0,ANALOGIA,false,ANALOGIA cuenta 7185 en CWL OPERATING (Variable=5)
AMA,ag,A&G,PAYROLL,0180,6000,Salary and Wages,OH_ADMIN,OVERHEAD EXPENSES,Fixed Cost,0.0,GL,false,CWL 0184:6000
AMA,ag,A&G,PAYROLL,0180,6001,Overtime,OH_ADMIN,OVERHEAD EXPENSES,Fixed Cost,0.0,GL,false,CWL 0184:6001
AMA,ag,A&G,PAYROLL,0180,6002,Day Off,OH_ADMIN,OVERHEAD EXPENSES,Fixed Cost,0.0,GL,false,CWL 0184:6002
AMA,ag,A&G,PAYROLL,0180,6003,Working Holiday,OH_ADMIN,OVERHEAD EXPENSES,Fixed Cost,0.0,GL,false,CWL 0184:6003
AMA,ag,A&G,PAYROLL,0180,6010,Commissions,OH_ADMIN,OVERHEAD EXPENSES,Fixed Cost,0.0,GL,false,CWL 0184:6010
AMA,ag,A&G,PAYROLL,0180,6020,Social Security,OH_ADMIN,OVERHEAD EXPENSES,Fixed Cost,0.0,GL,false,CWL 0184:6020
AMA,ag,A&G,PAYROLL,0180,6021,Christmas bonus,OH_ADMIN,OVERHEAD EXPENSES,Fixed Cost,0.0,GL,false,CWL 0184:6021
AMA,ag,A&G,PAYROLL,0180,6022,Work Risk Policy,OH_ADMIN,OVERHEAD EXPENSES,Fixed Cost,0.0,GL,false,CWL 0184:6022
AMA,ag,A&G,PAYROLL,0180,6023,Vacations Accrual,OH_ADMIN,OVERHEAD EXPENSES,Fixed Cost,0.0,GL,false,CWL 0184:6023
AMA,ag,A&G,PAYROLL,0180,6024,Vacations Taken,OH_ADMIN,OVERHEAD EXPENSES,Fixed Cost,0.0,GL,false,CWL 0184:6024
AMA,ag,A&G,PAYROLL,0180,6025,Cafeteria,OH_ADMIN,OVERHEAD EXPENSES,Fixed Cost,0.0,GL,false,CWL 0184:6025
AMA,ag,A&G,PAYROLL,0180,6026,Notice and Severance Pay,OH_ADMIN,OVERHEAD EXPENSES,Fixed Cost,0.0,GL,false,CWL 0184:6026
AMA,ag,A&G,PAYROLL,0180,6027,Incentive Bonus,OH_ADMIN,OVERHEAD EXPENSES,Fixed Cost,0.0,GL,false,CWL 0184:6027
AMA,ag,A&G,PAYROLL,0180,6028,Housing/Contract Labor,OH_ADMIN,OVERHEAD EXPENSES,Fixed Cost,0.0,GL,false,CWL 0180:6028
AMA,ag,A&G,PAYROLL,0180,6029,Employee Transportation,OH_ADMIN,OVERHEAD EXPENSES,Fixed Cost,0.0,GL,false,CWL 0184:6029
AMA,ag,A&G,PAYROLL,0180,6030,Employee Benefit Others,OH_ADMIN,OVERHEAD EXPENSES,Fixed Cost,0.0,GL,false,CWL 0184:6030
AMA,ag,A&G,OPERATING EXPENSES,0180,7015,Audit Charges,OH_ADMIN,OVERHEAD EXPENSES,Fixed Cost,0.0,GL,false,CWL 0180:7015
AMA,ag,A&G,OPERATING EXPENSES,0180,7020,Bank Charges,OH_ADMIN,OVERHEAD EXPENSES,Fixed Cost,0.0,GL,false,CWL 0180:7020
AMA,ag,A&G,OPERATING EXPENSES,0180,7045,Cash Overages and Shortages,OH_ADMIN,OVERHEAD EXPENSES,Fixed Cost,0.0,GL,false,CWL 0180:7045
AMA,ag,A&G,OPERATING EXPENSES,0180,7050,Centralized Accounting Charges,OH_ADMIN,OVERHEAD EXPENSES,Fixed Cost,0.0,GL,false,CWL 0180:7050
AMA,ag,A&G,OPERATING EXPENSES,0180,7070,Cluster Services,OH_ADMIN,OVERHEAD EXPENSES,Fixed Cost,0.0,GL,false,CWL 0180:7070
AMA,ag,A&G,OPERATING EXPENSES,0180,7100,Complimentary Services and Gifts,OH_ADMIN,OVERHEAD EXPENSES,Fixed Cost,0.0,GL,false,CWL 0180:7100
AMA,ag,A&G,OPERATING EXPENSES,0180,7105,Contract Services,OH_ADMIN,OVERHEAD EXPENSES,Fixed Cost,0.0,GL,false,CWL 0180:7105
AMA,ag,A&G,OPERATING EXPENSES,0180,7110,Corporate Office Reimbursables,OH_ADMIN,OVERHEAD EXPENSES,Fixed Cost,0.0,GL,false,CWL 0180:7110
AMA,ag,A&G,OPERATING EXPENSES,0180,7115,Credit and Collection,OH_ADMIN,OVERHEAD EXPENSES,Fixed Cost,0.0,GL,false,CWL 0180:7115
AMA,ag,A&G,OPERATING EXPENSES,0180,7120,Credit Card Commissions,OH_ADMIN,OVERHEAD EXPENSES,Fixed Cost,0.0,GL,false,CWL 0180:7120
AMA,ag,A&G,OPERATING EXPENSES,0180,7125,Decorations,OH_ADMIN,OVERHEAD EXPENSES,Fixed Cost,0.0,GL,false,CWL 0180:7125
AMA,ag,A&G,OPERATING EXPENSES,0180,7145,Donations,OH_ADMIN,OVERHEAD EXPENSES,Fixed Cost,0.0,GL,false,CWL 0180:7145
AMA,ag,A&G,OPERATING EXPENSES,0180,7150,Dues and Subscriptions,OH_ADMIN,OVERHEAD EXPENSES,Fixed Cost,0.0,GL,false,CWL 0180:7150
AMA,ag,A&G,OPERATING EXPENSES,0180,7175,Entertainment—In-House,OH_ADMIN,OVERHEAD EXPENSES,Fixed Cost,0.0,GL,false,CWL 0180:7175
AMA,ag,A&G,OPERATING EXPENSES,0180,7185,Equipment Rental,OH_ADMIN,OVERHEAD EXPENSES,Fixed Cost,0.0,GL,false,CWL 0180:7185
AMA,ag,A&G,OPERATING EXPENSES,0180,7225,Gains (Losses),OH_ADMIN,OVERHEAD EXPENSES,Fixed Cost,0.0,GL,false,CWL 0180:7225
AMA,ag,A&G,OPERATING EXPENSES,0180,7270,Human Resources,OH_ADMIN,OVERHEAD EXPENSES,Fixed Cost,0.0,GL,false,CWL 0180:7270
AMA,ag,A&G,OPERATING EXPENSES,0180,7325,Legal Services,OH_ADMIN,OVERHEAD EXPENSES,Fixed Cost,0.0,GL,false,CWL 0180:7325
AMA,ag,A&G,OPERATING EXPENSES,0180,7335,Licenses and Permits,OH_ADMIN,OVERHEAD EXPENSES,Fixed Cost,0.0,GL,false,CWL 0180:7335
AMA,ag,A&G,OPERATING EXPENSES,0180,7355,Loss and Damage,OH_ADMIN,OVERHEAD EXPENSES,Fixed Cost,0.0,GL,false,CWL 0180:7355
AMA,ag,A&G,OPERATING EXPENSES,0180,7380,Miscellaneous,OH_ADMIN,OVERHEAD EXPENSES,Fixed Cost,0.0,GL,false,CWL 0180:7380
AMA,ag,A&G,OPERATING EXPENSES,0180,7390,Non-Guest-Related Foreign Currency Exchange,OH_ADMIN,OVERHEAD EXPENSES,Fixed Cost,0.0,GL,false,CWL 0180:7390
AMA,ag,A&G,OPERATING EXPENSES,0180,7400,Operating Supplies,OH_ADMIN,OVERHEAD EXPENSES,Fixed Cost,0.0,GL,false,CWL 0180:7400
AMA,ag,A&G,OPERATING EXPENSES,0180,7465,Payroll Processing,OH_ADMIN,OVERHEAD EXPENSES,Fixed Cost,0.0,GL,false,CWL 0180:7465
AMA,ag,A&G,OPERATING EXPENSES,0180,7485,Postage and Overnight Delivery Charges,OH_ADMIN,OVERHEAD EXPENSES,Fixed Cost,0.0,GL,false,CWL 0180:7485
AMA,ag,A&G,OPERATING EXPENSES,0180,7495,Professional Fees,OH_ADMIN,OVERHEAD EXPENSES,Fixed Cost,0.0,GL,false,CWL 0180:7495
AMA,ag,A&G,OPERATING EXPENSES,0180,7510,Provision for Doubtful Accounts,OH_ADMIN,OVERHEAD EXPENSES,Fixed Cost,0.0,GL,false,CWL 0180:7510
AMA,ag,A&G,OPERATING EXPENSES,0180,7535,Security,OH_ADMIN,OVERHEAD EXPENSES,Fixed Cost,0.0,GL,false,CWL 0180:7535
AMA,ag,A&G,OPERATING EXPENSES,0180,7540,Settlement Costs,OH_ADMIN,OVERHEAD EXPENSES,Fixed Cost,0.0,GL,false,CWL 0180:7540
AMA,ag,A&G,OPERATING EXPENSES,0180,7545,Staff Transportation,OH_ADMIN,OVERHEAD EXPENSES,Fixed Cost,0.0,GL,false,CWL 0180:7545
AMA,ag,A&G,OPERATING EXPENSES,0180,7665,Training,OH_ADMIN,OVERHEAD EXPENSES,Fixed Cost,0.0,GL,false,CWL 0180:7665
AMA,ag,A&G,OPERATING EXPENSES,0180,7670,Travel—Meals and Entertainment,OH_ADMIN,OVERHEAD EXPENSES,Fixed Cost,0.0,GL,false,CWL 0180:7670
AMA,ag,A&G,OPERATING EXPENSES,0180,7675,Travel—Other,OH_ADMIN,OVERHEAD EXPENSES,Fixed Cost,0.0,GL,false,CWL 0180:7675
AMA,ag,A&G,OPERATING EXPENSES,0180,7680,Uniform Costs,OH_ADMIN,OVERHEAD EXPENSES,Fixed Cost,0.0,GL,false,CWL 0180:7680
AMA,ag,A&G,OPERATING EXPENSES,0180,7685,Uniform Laundry,OH_ADMIN,OVERHEAD EXPENSES,Fixed Cost,0.0,GL,false,CWL 0180:7685
AMA,sales-marketing,Sales & Marketing,PAYROLL,0190,6000,Salary and Wages,OH_SALES_MARKETING,OVERHEAD EXPENSES,Fixed Cost,0.0,GL,false,CWL 0190:6000
AMA,sales-marketing,Sales & Marketing,PAYROLL,0190,6001,Overtime,OH_SALES_MARKETING,OVERHEAD EXPENSES,Fixed Cost,0.0,GL,false,CWL 0190:6001
AMA,sales-marketing,Sales & Marketing,PAYROLL,0190,6002,Day Off,OH_SALES_MARKETING,OVERHEAD EXPENSES,Fixed Cost,0.0,GL,false,CWL 0190:6002
AMA,sales-marketing,Sales & Marketing,PAYROLL,0190,6003,Working Holiday,OH_SALES_MARKETING,OVERHEAD EXPENSES,Fixed Cost,0.0,GL,false,CWL 0190:6003
AMA,sales-marketing,Sales & Marketing,PAYROLL,0190,6010,Commissions,OH_SALES_MARKETING,OVERHEAD EXPENSES,Fixed Cost,0.0,GL,false,CWL 0190:6010
AMA,sales-marketing,Sales & Marketing,PAYROLL,0190,6020,Social Security,OH_SALES_MARKETING,OVERHEAD EXPENSES,Fixed Cost,0.0,GL,false,CWL 0190:6020
AMA,sales-marketing,Sales & Marketing,PAYROLL,0190,6021,Christmas bonus,OH_SALES_MARKETING,OVERHEAD EXPENSES,Fixed Cost,0.0,GL,false,CWL 0190:6021
AMA,sales-marketing,Sales & Marketing,PAYROLL,0190,6022,Work Risk Policy,OH_SALES_MARKETING,OVERHEAD EXPENSES,Fixed Cost,0.0,GL,false,CWL 0190:6022
AMA,sales-marketing,Sales & Marketing,PAYROLL,0190,6023,Vacations Accrual,OH_SALES_MARKETING,OVERHEAD EXPENSES,Fixed Cost,0.0,GL,false,CWL 0190:6023
AMA,sales-marketing,Sales & Marketing,PAYROLL,0190,6024,Vacations Taken,OH_SALES_MARKETING,OVERHEAD EXPENSES,Fixed Cost,0.0,GL,false,CWL 0190:6024
AMA,sales-marketing,Sales & Marketing,PAYROLL,0190,6025,Cafeteria,OH_SALES_MARKETING,OVERHEAD EXPENSES,Fixed Cost,0.0,GL,false,CWL 0190:6025
AMA,sales-marketing,Sales & Marketing,PAYROLL,0190,6026,Notice and Severance Pay,OH_SALES_MARKETING,OVERHEAD EXPENSES,Fixed Cost,0.0,GL,false,CWL 0190:6026
AMA,sales-marketing,Sales & Marketing,PAYROLL,0190,6027,Incentive Bonus,OH_SALES_MARKETING,OVERHEAD EXPENSES,Fixed Cost,0.0,GL,false,CWL 0190:6027
AMA,sales-marketing,Sales & Marketing,PAYROLL,0190,6028,Housing,OH_SALES_MARKETING,OVERHEAD EXPENSES,Fixed Cost,0.0,GL,false,CWL 0190:6028
AMA,sales-marketing,Sales & Marketing,PAYROLL,0190,6029,Employee Transportation,OH_SALES_MARKETING,OVERHEAD EXPENSES,Fixed Cost,0.0,GL,false,CWL 0190:6029
AMA,sales-marketing,Sales & Marketing,PAYROLL,0190,6030,Employee Benefit Others,OH_SALES_MARKETING,OVERHEAD EXPENSES,Fixed Cost,0.0,GL,false,CWL 0190:6030
AMA,sales-marketing,Sales & Marketing,OPERATING EXPENSES,0190,7000,Agency Fees,OH_SALES_MARKETING,OVERHEAD EXPENSES,Fixed Cost,0.0,GL,false,CWL 0190:7000
AMA,sales-marketing,Sales & Marketing,OPERATING EXPENSES,0190,7070,Cluster Services (marketing fee),OH_SALES_MARKETING,OVERHEAD EXPENSES,Fixed Cost,0.0,GL,false,CWL 0190:7070
AMA,sales-marketing,Sales & Marketing,OPERATING EXPENSES,0190,7075,Collateral Material,OH_SALES_MARKETING,OVERHEAD EXPENSES,Fixed Cost,0.0,GL,false,CWL 0190:7075
AMA,sales-marketing,Sales & Marketing,OPERATING EXPENSES,0190,7100,Complimentary Services and Gifts,OH_SALES_MARKETING,OVERHEAD EXPENSES,Fixed Cost,0.0,GL,false,CWL 0190:7100
AMA,sales-marketing,Sales & Marketing,OPERATING EXPENSES,0190,7105,Contract Services,OH_SALES_MARKETING,OVERHEAD EXPENSES,Fixed Cost,0.0,GL,false,CWL 0190:7105
AMA,sales-marketing,Sales & Marketing,OPERATING EXPENSES,0190,7110,Corporate Office Reimbursables(Centralized marketing Services,OH_SALES_MARKETING,OVERHEAD EXPENSES,Fixed Cost,0.0,GL,false,CWL 0190:7110
AMA,sales-marketing,Sales & Marketing,OPERATING EXPENSES,0190,7125,Decorations,OH_SALES_MARKETING,OVERHEAD EXPENSES,Fixed Cost,0.0,GL,false,CWL 0190:7125
AMA,sales-marketing,Sales & Marketing,OPERATING EXPENSES,0190,7135,Direct Mail,OH_SALES_MARKETING,OVERHEAD EXPENSES,Fixed Cost,0.0,GL,false,CWL 0190:7135
AMA,sales-marketing,Sales & Marketing,OPERATING EXPENSES,0190,7150,Dues and Subscriptions,OH_SALES_MARKETING,OVERHEAD EXPENSES,Fixed Cost,0.0,GL,false,CWL 0190:7150
AMA,sales-marketing,Sales & Marketing,OPERATING EXPENSES,0190,7175,Entertainment—In-House (CPL),OH_SALES_MARKETING,OVERHEAD EXPENSES,Fixed Cost,0.0,GL,false,CWL 0190:7175
AMA,sales-marketing,Sales & Marketing,OPERATING EXPENSES,0190,7185,Equipment Rental,OH_SALES_MARKETING,OVERHEAD EXPENSES,Fixed Cost,0.0,GL,false,CWL 0190:7185
AMA,sales-marketing,Sales & Marketing,OPERATING EXPENSES,0190,7190,Familiarization Trips,OH_SALES_MARKETING,OVERHEAD EXPENSES,Fixed Cost,0.0,GL,false,CWL 0190:7190
AMA,sales-marketing,Sales & Marketing,OPERATING EXPENSES,0190,7205,Franchise and Affiliation Fees—Royalties,OH_SALES_MARKETING,OVERHEAD EXPENSES,Fixed Cost,0.0,GL,false,CWL 0190:7205
AMA,sales-marketing,Sales & Marketing,OPERATING EXPENSES,0190,7210,Franchise and Affiliation Marketing,OH_SALES_MARKETING,OVERHEAD EXPENSES,Fixed Cost,0.0,GL,false,CWL 0190:7210
AMA,sales-marketing,Sales & Marketing,OPERATING EXPENSES,0190,7280,In-House Graphics,OH_SALES_MARKETING,OVERHEAD EXPENSES,Fixed Cost,0.0,GL,false,CWL 0190:7280
AMA,sales-marketing,Sales & Marketing,OPERATING EXPENSES,0190,7360,Loyalty Programs,OH_SALES_MARKETING,OVERHEAD EXPENSES,Fixed Cost,0.0,GL,false,CWL 0190:7360
AMA,sales-marketing,Sales & Marketing,OPERATING EXPENSES,0190,7370,Media,OH_SALES_MARKETING,OVERHEAD EXPENSES,Fixed Cost,0.0,GL,false,CWL 0190:7370
AMA,sales-marketing,Sales & Marketing,OPERATING EXPENSES,0190,7380,Miscellaneous,OH_SALES_MARKETING,OVERHEAD EXPENSES,Fixed Cost,0.0,GL,false,CWL 0190:7380
AMA,sales-marketing,Sales & Marketing,OPERATING EXPENSES,0190,7400,Operating Supplies,OH_SALES_MARKETING,OVERHEAD EXPENSES,Fixed Cost,0.0,GL,false,CWL 0190:7400
AMA,sales-marketing,Sales & Marketing,OPERATING EXPENSES,0190,7435,Outside Sales Representation,OH_SALES_MARKETING,OVERHEAD EXPENSES,Fixed Cost,0.0,GL,false,CWL 0190:7435
AMA,sales-marketing,Sales & Marketing,OPERATING EXPENSES,0190,7440,Outside Services Market Research,OH_SALES_MARKETING,OVERHEAD EXPENSES,Fixed Cost,0.0,GL,false,CWL 0190:7440
AMA,sales-marketing,Sales & Marketing,OPERATING EXPENSES,0190,7445,Outside Signage,OH_SALES_MARKETING,OVERHEAD EXPENSES,Fixed Cost,0.0,GL,false,CWL 0190:7445
AMA,sales-marketing,Sales & Marketing,OPERATING EXPENSES,0190,7475,Photography,OH_SALES_MARKETING,OVERHEAD EXPENSES,Fixed Cost,0.0,GL,false,CWL 0190:7475
AMA,sales-marketing,Sales & Marketing,OPERATING EXPENSES,0190,7485,Postage and Overnight Delivery Charges,OH_SALES_MARKETING,OVERHEAD EXPENSES,Fixed Cost,0.0,GL,false,CWL 0190:7485
AMA,sales-marketing,Sales & Marketing,OPERATING EXPENSES,0190,7500,Promotion,OH_SALES_MARKETING,OVERHEAD EXPENSES,Fixed Cost,0.0,GL,false,CWL 0190:7500
AMA,sales-marketing,Sales & Marketing,OPERATING EXPENSES,0190,7660,Trade Shows,OH_SALES_MARKETING,OVERHEAD EXPENSES,Fixed Cost,0.0,GL,false,CWL 0190:7660
AMA,sales-marketing,Sales & Marketing,OPERATING EXPENSES,0190,7665,Training,OH_SALES_MARKETING,OVERHEAD EXPENSES,Fixed Cost,0.0,GL,false,CWL 0190:7665
AMA,sales-marketing,Sales & Marketing,OPERATING EXPENSES,0190,7670,Travel—Meals and Entertainment,OH_SALES_MARKETING,OVERHEAD EXPENSES,Fixed Cost,0.0,GL,false,CWL 0190:7670
AMA,sales-marketing,Sales & Marketing,OPERATING EXPENSES,0190,7675,Travel—Other,OH_SALES_MARKETING,OVERHEAD EXPENSES,Variable,1.0,GL,false,CWL 0190:7675
AMA,sales-marketing,Sales & Marketing,OPERATING EXPENSES,0190,7715,Website,OH_SALES_MARKETING,OVERHEAD EXPENSES,Variable,1.0,GL,false,CWL 0190:7715
AMA,sales-marketing,Sales & Marketing,OPERATING EXPENSES,0190,7680,Uniform Costs,OH_SALES_MARKETING,OVERHEAD EXPENSES,Fixed Cost,0.0,ANALOGIA,false,ANALOGIA cuenta 7680 en CWL OVERHEAD (Fixed Cost=3)
AMA,sales-marketing,Sales & Marketing,OPERATING EXPENSES,0190,7685,Uniform Laundry,OH_SALES_MARKETING,OVERHEAD EXPENSES,Fixed Cost,0.0,ANALOGIA,false,ANALOGIA cuenta 7685 en CWL OVERHEAD (Fixed Cost=3)
AMA,maintenance,Maintenance,PAYROLL,0200,6000,Salary and Wages,OH_MAINTENANCE,OVERHEAD EXPENSES,Fixed Cost,0.0,GL,false,CWL 0200:6000
AMA,maintenance,Maintenance,PAYROLL,0200,6001,Overtime,OH_MAINTENANCE,OVERHEAD EXPENSES,Fixed Cost,0.0,GL,false,CWL 0200:6001
AMA,maintenance,Maintenance,PAYROLL,0200,6002,Day Off,OH_MAINTENANCE,OVERHEAD EXPENSES,Fixed Cost,0.0,GL,false,CWL 0200:6002
AMA,maintenance,Maintenance,PAYROLL,0200,6003,Working Holiday,OH_MAINTENANCE,OVERHEAD EXPENSES,Fixed Cost,0.0,GL,false,CWL 0200:6003
AMA,maintenance,Maintenance,PAYROLL,0200,6010,Commissions,OH_MAINTENANCE,OVERHEAD EXPENSES,Fixed Cost,0.0,GL,false,CWL 0200:6010
AMA,maintenance,Maintenance,PAYROLL,0200,6020,Social Security,OH_MAINTENANCE,OVERHEAD EXPENSES,Fixed Cost,0.0,GL,false,CWL 0200:6020
AMA,maintenance,Maintenance,PAYROLL,0200,6021,Christmas bonus,OH_MAINTENANCE,OVERHEAD EXPENSES,Fixed Cost,0.0,GL,false,CWL 0200:6021
AMA,maintenance,Maintenance,PAYROLL,0200,6022,Work Risk Policy,OH_MAINTENANCE,OVERHEAD EXPENSES,Fixed Cost,0.0,GL,false,CWL 0200:6022
AMA,maintenance,Maintenance,PAYROLL,0200,6023,Vacations Accrual,OH_MAINTENANCE,OVERHEAD EXPENSES,Fixed Cost,0.0,GL,false,CWL 0200:6023
AMA,maintenance,Maintenance,PAYROLL,0200,6024,Vacations Taken,OH_MAINTENANCE,OVERHEAD EXPENSES,Fixed Cost,0.0,GL,false,CWL 0200:6024
AMA,maintenance,Maintenance,PAYROLL,0200,6025,Cafeteria,OH_MAINTENANCE,OVERHEAD EXPENSES,Fixed Cost,0.0,GL,false,CWL 0200:6025
AMA,maintenance,Maintenance,PAYROLL,0200,6026,Notice and Severance Pay,OH_MAINTENANCE,OVERHEAD EXPENSES,Fixed Cost,0.0,GL,false,CWL 0200:6026
AMA,maintenance,Maintenance,PAYROLL,0200,6027,Incentive Bonus,OH_MAINTENANCE,OVERHEAD EXPENSES,Fixed Cost,0.0,GL,false,CWL 0200:6027
AMA,maintenance,Maintenance,PAYROLL,0200,6028,Housing,OH_MAINTENANCE,OVERHEAD EXPENSES,Fixed Cost,0.0,GL,false,CWL 0200:6028
AMA,maintenance,Maintenance,PAYROLL,0200,6029,Employee Transportation,OH_MAINTENANCE,OVERHEAD EXPENSES,Fixed Cost,0.0,GL,false,CWL 0200:6029
AMA,maintenance,Maintenance,PAYROLL,0200,6030,Employee Benefit Others,OH_MAINTENANCE,OVERHEAD EXPENSES,Fixed Cost,0.0,GL,false,CWL 0200:6030
AMA,maintenance,Maintenance,OPERATING EXPENSES,0200,7030,Building,OH_MAINTENANCE,OVERHEAD EXPENSES,Fixed Cost,0.0,GL,false,CWL 0200:7030
AMA,maintenance,Maintenance,OPERATING EXPENSES,0200,7070,Cluster Services,OH_MAINTENANCE,OVERHEAD EXPENSES,Fixed Cost,0.0,GL,false,CWL 0200:7070
AMA,maintenance,Maintenance,OPERATING EXPENSES,0200,7105,Contract Services,OH_MAINTENANCE,OVERHEAD EXPENSES,Fixed Cost,0.0,GL,false,CWL 0200:7105
AMA,maintenance,Maintenance,OPERATING EXPENSES,0200,7110,Corporate Office Reimbursables,OH_MAINTENANCE,OVERHEAD EXPENSES,Fixed Cost,0.0,GL,false,CWL 0200:7110
AMA,maintenance,Maintenance,OPERATING EXPENSES,0200,7150,Dues and Subscriptions,OH_MAINTENANCE,OVERHEAD EXPENSES,Fixed Cost,0.0,GL,false,CWL 0200:7150
AMA,maintenance,Maintenance,OPERATING EXPENSES,0200,7155,Electrical and Mechanical Equipment,OH_MAINTENANCE,OVERHEAD EXPENSES,Fixed Cost,0.0,GL,false,CWL 0200:7155
AMA,maintenance,Maintenance,OPERATING EXPENSES,0200,7165,Elevators and Escalators,OH_MAINTENANCE,OVERHEAD EXPENSES,Fixed Cost,0.0,GL,false,CWL 0200:7165
AMA,maintenance,Maintenance,OPERATING EXPENSES,0200,7170,Engineering Supplies,OH_MAINTENANCE,OVERHEAD EXPENSES,Fixed Cost,0.0,GL,false,CWL 0200:7170
AMA,maintenance,Maintenance,OPERATING EXPENSES,0200,7175,Entertainment—In-House,OH_MAINTENANCE,OVERHEAD EXPENSES,Fixed Cost,0.0,GL,false,CWL 0200:7175
AMA,maintenance,Maintenance,OPERATING EXPENSES,0200,7180,Equipment (hardware),OH_MAINTENANCE,OVERHEAD EXPENSES,Fixed Cost,0.0,GL,false,CWL 0200:7180
AMA,maintenance,Maintenance,OPERATING EXPENSES,0200,7185,Equipment Rental,OH_MAINTENANCE,OVERHEAD EXPENSES,Fixed Cost,0.0,GL,false,CWL 0200:7185
AMA,maintenance,Maintenance,OPERATING EXPENSES,0200,7200,Floor Covering,OH_MAINTENANCE,OVERHEAD EXPENSES,Fixed Cost,0.0,GL,false,CWL 0200:7200
AMA,maintenance,Maintenance,OPERATING EXPENSES,0200,7215,Furniture and Equipment,OH_MAINTENANCE,OVERHEAD EXPENSES,Fixed Cost,0.0,GL,false,CWL 0200:7215
AMA,maintenance,Maintenance,OPERATING EXPENSES,0200,7240,Grounds Maintenance and Landscaping,OH_MAINTENANCE,OVERHEAD EXPENSES,Fixed Cost,0.0,GL,false,CWL 0200:7240
AMA,maintenance,Maintenance,OPERATING EXPENSES,0200,7265,"Heating, Ventilation, and Air Conditioning",OH_MAINTENANCE,OVERHEAD EXPENSES,Fixed Cost,0.0,GL,false,CWL 0200:7265
AMA,maintenance,Maintenance,OPERATING EXPENSES,0200,7290,Kitchen Equipment,OH_MAINTENANCE,OVERHEAD EXPENSES,Fixed Cost,0.0,GL,false,CWL 0200:7290
AMA,maintenance,Maintenance,OPERATING EXPENSES,0200,7315,Laundry Equipment,OH_MAINTENANCE,OVERHEAD EXPENSES,Fixed Cost,0.0,GL,false,CWL 0200:7315
AMA,maintenance,Maintenance,OPERATING EXPENSES,0200,7335,Licenses and Permits,OH_MAINTENANCE,OVERHEAD EXPENSES,Fixed Cost,0.0,GL,false,CWL 0200:7335
AMA,maintenance,Maintenance,OPERATING EXPENSES,0200,7340,Life/Safety,OH_MAINTENANCE,OVERHEAD EXPENSES,Fixed Cost,0.0,GL,false,CWL 0200:7340
AMA,maintenance,Maintenance,OPERATING EXPENSES,0200,7345,Light Bulbs,OH_MAINTENANCE,OVERHEAD EXPENSES,Fixed Cost,0.0,GL,false,CWL 0200:7345
AMA,maintenance,Maintenance,OPERATING EXPENSES,0200,7380,Miscellaneous,OH_MAINTENANCE,OVERHEAD EXPENSES,Fixed Cost,0.0,GL,false,CWL 0200:7380
AMA,maintenance,Maintenance,OPERATING EXPENSES,0200,7400,Operating Supplies,OH_MAINTENANCE,OVERHEAD EXPENSES,Fixed Cost,0.0,GL,false,CWL 0200:7400
AMA,maintenance,Maintenance,OPERATING EXPENSES,0200,7455,Painting and Wallcovering,OH_MAINTENANCE,OVERHEAD EXPENSES,Fixed Cost,0.0,GL,false,CWL 0200:7455
AMA,maintenance,Maintenance,OPERATING EXPENSES,0200,7480,Plumbing,OH_MAINTENANCE,OVERHEAD EXPENSES,Fixed Cost,0.0,GL,false,CWL 0200:7480
AMA,maintenance,Maintenance,OPERATING EXPENSES,0200,7555,Swimming Pool,OH_MAINTENANCE,OVERHEAD EXPENSES,Fixed Cost,0.0,GL,false,CWL 0200:7555
AMA,maintenance,Maintenance,OPERATING EXPENSES,0200,7665,Training,OH_MAINTENANCE,OVERHEAD EXPENSES,Fixed Cost,0.0,GL,false,CWL 0200:7665
AMA,maintenance,Maintenance,OPERATING EXPENSES,0200,7670,Travel—Meals and Entertainment,OH_MAINTENANCE,OVERHEAD EXPENSES,Fixed Cost,0.0,GL,false,CWL 0200:7670
AMA,maintenance,Maintenance,OPERATING EXPENSES,0200,7675,Travel—Other,OH_MAINTENANCE,OVERHEAD EXPENSES,Fixed Cost,0.0,GL,false,CWL 0200:7675
AMA,maintenance,Maintenance,OPERATING EXPENSES,0200,7680,Uniform Costs,OH_MAINTENANCE,OVERHEAD EXPENSES,Fixed Cost,0.0,GL,false,CWL 0200:7680
AMA,maintenance,Maintenance,OPERATING EXPENSES,0200,7685,Uniform Laundry,OH_MAINTENANCE,OVERHEAD EXPENSES,Fixed Cost,0.0,GL,false,CWL 0200:7685
AMA,maintenance,Maintenance,OPERATING EXPENSES,0200,7700,Vehicle Repair,OH_MAINTENANCE,OVERHEAD EXPENSES,Fixed Cost,0.0,GL,false,CWL 0200:7700
AMA,maintenance,Maintenance,OPERATING EXPENSES,0200,7705,Waste Removal,OH_MAINTENANCE,OVERHEAD EXPENSES,Fixed Cost,0.0,GL,false,CWL 0200:7705
AMA,information-system,Information System,PAYROLL,0230,6000,Salary and Wages,OH_INFORMATION_SYSTEM,OVERHEAD EXPENSES,Fixed Cost,0.0,GL,false,CWL 0230:6000
AMA,information-system,Information System,PAYROLL,0230,6001,Overtime,OH_INFORMATION_SYSTEM,OVERHEAD EXPENSES,Fixed Cost,0.0,GL,false,CWL 0230:6001
AMA,information-system,Information System,PAYROLL,0230,6002,Day Off,OH_INFORMATION_SYSTEM,OVERHEAD EXPENSES,Fixed Cost,0.0,GL,false,CWL 0230:6002
AMA,information-system,Information System,PAYROLL,0230,6003,Working Holiday,OH_INFORMATION_SYSTEM,OVERHEAD EXPENSES,Fixed Cost,0.0,GL,false,CWL 0230:6003
AMA,information-system,Information System,PAYROLL,0230,6010,Commissions,OH_INFORMATION_SYSTEM,OVERHEAD EXPENSES,Fixed Cost,0.0,GL,false,CWL 0230:6010
AMA,information-system,Information System,PAYROLL,0230,6020,Social Security,OH_INFORMATION_SYSTEM,OVERHEAD EXPENSES,Fixed Cost,0.0,GL,false,CWL 0230:6020
AMA,information-system,Information System,PAYROLL,0230,6021,Christmas bonus,OH_INFORMATION_SYSTEM,OVERHEAD EXPENSES,Fixed Cost,0.0,GL,false,CWL 0230:6021
AMA,information-system,Information System,PAYROLL,0230,6022,Work Risk Policy,OH_INFORMATION_SYSTEM,OVERHEAD EXPENSES,Fixed Cost,0.0,GL,false,CWL 0230:6022
AMA,information-system,Information System,PAYROLL,0230,6023,Vacations Accrual,OH_INFORMATION_SYSTEM,OVERHEAD EXPENSES,Fixed Cost,0.0,GL,false,CWL 0230:6023
AMA,information-system,Information System,PAYROLL,0230,6024,Vacations Taken,OH_INFORMATION_SYSTEM,OVERHEAD EXPENSES,Fixed Cost,0.0,GL,false,CWL 0230:6024
AMA,information-system,Information System,PAYROLL,0230,6025,Cafeteria,OH_INFORMATION_SYSTEM,OVERHEAD EXPENSES,Fixed Cost,0.0,GL,false,CWL 0230:6025
AMA,information-system,Information System,PAYROLL,0230,6026,Notice and Severance Pay,OH_INFORMATION_SYSTEM,OVERHEAD EXPENSES,Fixed Cost,0.0,GL,false,CWL 0230:6026
AMA,information-system,Information System,PAYROLL,0230,6027,Incentive Bonus,OH_INFORMATION_SYSTEM,OVERHEAD EXPENSES,Fixed Cost,0.0,GL,false,CWL 0230:6027
AMA,information-system,Information System,PAYROLL,0230,6028,Housing,OH_INFORMATION_SYSTEM,OVERHEAD EXPENSES,Fixed Cost,0.0,GL,false,CWL 0230:6028
AMA,information-system,Information System,PAYROLL,0230,6029,Employee Transportation,OH_INFORMATION_SYSTEM,OVERHEAD EXPENSES,Fixed Cost,0.0,GL,false,CWL 0230:6029
AMA,information-system,Information System,PAYROLL,0230,6030,Employee Benefit Others,OH_INFORMATION_SYSTEM,OVERHEAD EXPENSES,Fixed Cost,0.0,GL,false,CWL 0230:6030
AMA,information-system,Information System,COST OF SALES,0230,5700,Cost of Cells Phones,COH_INFORMATION_SYSTEM,OVERHEAD COST OF SALES,Fixed Cost,0.0,GL,false,CWL 0230:5700
AMA,information-system,Information System,COST OF SALES,0230,5701,Cost of Local Calls,COH_INFORMATION_SYSTEM,OVERHEAD COST OF SALES,Fixed Cost,0.0,GL,false,CWL 0230:5701
AMA,information-system,Information System,COST OF SALES,0230,5702,Cost of Internet Services,COH_INFORMATION_SYSTEM,OVERHEAD COST OF SALES,Fixed Cost,0.0,GL,false,CWL 0230:5702
AMA,information-system,Information System,COST OF SALES,0230,5703,Cost of Long Distance,COH_INFORMATION_SYSTEM,OVERHEAD COST OF SALES,Fixed Cost,0.0,GL,false,CWL 0230:5703
AMA,information-system,Information System,COST OF SALES,0230,5704,Other Cost of Services,COH_INFORMATION_SYSTEM,OVERHEAD COST OF SALES,Fixed Cost,0.0,GL,false,CWL 0230:5704
AMA,information-system,Information System,OPERATING EXPENSES,0230,7110,Corporate Office Reimbursables,OH_INFORMATION_SYSTEM,OVERHEAD EXPENSES,Fixed Cost,0.0,GL,false,CWL 0230:7110
AMA,information-system,Information System,OPERATING EXPENSES,0230,7150,Dues and Subscriptions,OH_INFORMATION_SYSTEM,OVERHEAD EXPENSES,Fixed Cost,0.0,GL,false,CWL 0230:7150
AMA,information-system,Information System,OPERATING EXPENSES,0230,7175,Entertainment—In-House,OH_INFORMATION_SYSTEM,OVERHEAD EXPENSES,Fixed Cost,0.0,GL,false,CWL 0230:7175
AMA,information-system,Information System,OPERATING EXPENSES,0230,7185,Equipment Rental,OH_INFORMATION_SYSTEM,OVERHEAD EXPENSES,Fixed Cost,0.0,GL,false,CWL 0230:7185
AMA,information-system,Information System,OPERATING EXPENSES,0230,7380,Miscellaneous,OH_INFORMATION_SYSTEM,OVERHEAD EXPENSES,Fixed Cost,0.0,GL,false,CWL 0230:7380
AMA,information-system,Information System,OPERATING EXPENSES,0230,7400,Operating Supplies,OH_INFORMATION_SYSTEM,OVERHEAD EXPENSES,Fixed Cost,0.0,GL,false,CWL 0230:7400
AMA,information-system,Information System,OPERATING EXPENSES,0230,7410,Other Cost of Services,OH_INFORMATION_SYSTEM,OVERHEAD EXPENSES,Fixed Cost,0.0,GL,false,CWL 0230:7410
AMA,information-system,Information System,OPERATING EXPENSES,0230,7415,Other Equipment,OH_INFORMATION_SYSTEM,OVERHEAD EXPENSES,Fixed Cost,0.0,GL,false,CWL 0230:7415
AMA,information-system,Information System,OPERATING EXPENSES,0230,7560,System Expenses : Administrative and General,OH_INFORMATION_SYSTEM,OVERHEAD EXPENSES,Fixed Cost,0.0,GL,false,CWL 0230:7560
AMA,information-system,Information System,OPERATING EXPENSES,0230,7565,System Expenses : Centralized Information System Charges,OH_INFORMATION_SYSTEM,OVERHEAD EXPENSES,Fixed Cost,0.0,GL,false,CWL 0230:7565
AMA,information-system,Information System,OPERATING EXPENSES,0230,7570,System Expenses : Energy Management,OH_INFORMATION_SYSTEM,OVERHEAD EXPENSES,Fixed Cost,0.0,GL,false,CWL 0230:7570
AMA,information-system,Information System,OPERATING EXPENSES,0230,7575,System Expenses : Food and Beverage,OH_INFORMATION_SYSTEM,OVERHEAD EXPENSES,Fixed Cost,0.0,GL,false,CWL 0230:7575
AMA,information-system,Information System,OPERATING EXPENSES,0230,7580,System Expenses : Golf,OH_INFORMATION_SYSTEM,OVERHEAD EXPENSES,Fixed Cost,0.0,GL,false,CWL 0230:7580
AMA,information-system,Information System,OPERATING EXPENSES,0230,7585,System Expenses : Hardware,OH_INFORMATION_SYSTEM,OVERHEAD EXPENSES,Fixed Cost,0.0,GL,false,CWL 0230:7585
AMA,information-system,Information System,OPERATING EXPENSES,0230,7590,System Expenses : Health Club/Spa,OH_INFORMATION_SYSTEM,OVERHEAD EXPENSES,Fixed Cost,0.0,GL,false,CWL 0230:7590
AMA,information-system,Information System,OPERATING EXPENSES,0230,7595,System Expenses : Human Resources,OH_INFORMATION_SYSTEM,OVERHEAD EXPENSES,Fixed Cost,0.0,GL,false,CWL 0230:7595
AMA,information-system,Information System,OPERATING EXPENSES,0230,7600,System Expenses : Information Security,OH_INFORMATION_SYSTEM,OVERHEAD EXPENSES,Fixed Cost,0.0,GL,false,CWL 0230:7600
AMA,information-system,Information System,OPERATING EXPENSES,0230,7605,System Expenses : Information Systems,OH_INFORMATION_SYSTEM,OVERHEAD EXPENSES,Fixed Cost,0.0,GL,false,CWL 0230:7605
AMA,information-system,Information System,OPERATING EXPENSES,0230,7610,System Expenses : Other,OH_INFORMATION_SYSTEM,OVERHEAD EXPENSES,Fixed Cost,0.0,GL,false,CWL 0230:7610
AMA,information-system,Information System,OPERATING EXPENSES,0230,7615,System Expenses : Parking,OH_INFORMATION_SYSTEM,OVERHEAD EXPENSES,Fixed Cost,0.0,GL,false,CWL 0230:7615
AMA,information-system,Information System,OPERATING EXPENSES,0230,7620,System Expenses : Property Operation and Maintenance,OH_INFORMATION_SYSTEM,OVERHEAD EXPENSES,Fixed Cost,0.0,GL,false,CWL 0230:7620
AMA,information-system,Information System,OPERATING EXPENSES,0230,7625,System Expenses : Rooms,OH_INFORMATION_SYSTEM,OVERHEAD EXPENSES,Fixed Cost,0.0,GL,false,CWL 0230:7625
AMA,information-system,Information System,OPERATING EXPENSES,0230,7630,System Expenses : Sales and Marketing,OH_INFORMATION_SYSTEM,OVERHEAD EXPENSES,Fixed Cost,0.0,GL,false,CWL 0230:7630
AMA,information-system,Information System,OPERATING EXPENSES,0230,7635,System Expenses : Telecommunications,OH_INFORMATION_SYSTEM,OVERHEAD EXPENSES,Fixed Cost,0.0,GL,false,CWL 0230:7635
AMA,information-system,Information System,OPERATING EXPENSES,0230,7640,System Storage and Optimization,OH_INFORMATION_SYSTEM,OVERHEAD EXPENSES,Fixed Cost,0.0,GL,false,CWL 0230:7640
AMA,information-system,Information System,OPERATING EXPENSES,0230,7665,Training,OH_INFORMATION_SYSTEM,OVERHEAD EXPENSES,Fixed Cost,0.0,GL,false,CWL 0230:7665
AMA,information-system,Information System,OPERATING EXPENSES,0230,7670,Travel—Meals and Entertainment,OH_INFORMATION_SYSTEM,OVERHEAD EXPENSES,Fixed Cost,0.0,GL,false,CWL 0230:7670
AMA,information-system,Information System,OPERATING EXPENSES,0230,7675,Travel—Other,OH_INFORMATION_SYSTEM,OVERHEAD EXPENSES,Fixed Cost,0.0,GL,false,CWL 0230:7675
AMA,information-system,Information System,OPERATING EXPENSES,0230,7680,Uniform Costs,OH_INFORMATION_SYSTEM,OVERHEAD EXPENSES,Fixed Cost,0.0,GL,false,CWL 0230:7680
AMA,information-system,Information System,OPERATING EXPENSES,0230,7685,Uniform Laundry,OH_INFORMATION_SYSTEM,OVERHEAD EXPENSES,Fixed Cost,0.0,GL,false,CWL 0230:7685
AMA,information-system,Information System,OPERATING EXPENSES,0230,7105,Contract Services,OH_INFORMATION_SYSTEM,OVERHEAD EXPENSES,Fixed Cost,0.0,ANALOGIA,false,ANALOGIA cuenta 7105 en CWL OVERHEAD (Fixed Cost=4)
AMA,utility,Utility,OPERATING EXPENSES,0210,7055,Chilled Water,OH_UTILITIES,OVERHEAD EXPENSES,Fixed Cost,0.0,GL,false,CWL 0210:7055
AMA,utility,Utility,OPERATING EXPENSES,0210,7105,Contract Services,OH_UTILITIES,OVERHEAD EXPENSES,Fixed Cost,0.0,GL,false,CWL 0210:7105
AMA,utility,Utility,OPERATING EXPENSES,0210,7160,Electricity,OH_UTILITIES,OVERHEAD EXPENSES,Fixed Cost,0.0,GL,false,CWL 0210:7160
AMA,utility,Utility,OPERATING EXPENSES,0210,7230,Gas,OH_UTILITIES,OVERHEAD EXPENSES,Fixed Cost,0.0,GL,false,CWL 0210:7230
AMA,utility,Utility,OPERATING EXPENSES,0210,7395,Oil & Gas (Generador) | Oil & Gas (tractors) | Oil (Boat and Equipment),OH_UTILITIES,OVERHEAD EXPENSES,Fixed Cost,0.0,GL,false,CWL 0210:7395
AMA,utility,Utility,OPERATING EXPENSES,0210,7420,Other Fuels,OH_UTILITIES,OVERHEAD EXPENSES,Fixed Cost,0.0,GL,false,CWL 0210:7420
AMA,utility,Utility,OPERATING EXPENSES,0210,7550,Steam,OH_UTILITIES,OVERHEAD EXPENSES,Fixed Cost,0.0,GL,false,CWL 0210:7550
AMA,utility,Utility,OPERATING EXPENSES,0210,7710,Water/Sewer,OH_UTILITIES,OVERHEAD EXPENSES,Fixed Cost,0.0,GL,false,CWL 0210:7710
AMA,laundry,Laundry,PAYROLL,0161,6000,Salary and Wages,OH_LAUNDRY,OVERHEAD EXPENSES,Fixed Cost,0.0,ANALOGIA,false,ANALOGIA cuenta 6000 en CWL OVERHEAD (Fixed Cost=6)
AMA,laundry,Laundry,PAYROLL,0161,6001,Overtime,OH_LAUNDRY,OVERHEAD EXPENSES,Fixed Cost,0.0,ANALOGIA,false,ANALOGIA cuenta 6001 en CWL OVERHEAD (Fixed Cost=6)
AMA,laundry,Laundry,PAYROLL,0161,6002,Day Off,OH_LAUNDRY,OVERHEAD EXPENSES,Fixed Cost,0.0,ANALOGIA,false,ANALOGIA cuenta 6002 en CWL OVERHEAD (Fixed Cost=6)
AMA,laundry,Laundry,PAYROLL,0161,6003,Working Holiday,OH_LAUNDRY,OVERHEAD EXPENSES,Fixed Cost,0.0,ANALOGIA,false,ANALOGIA cuenta 6003 en CWL OVERHEAD (Fixed Cost=6)
AMA,laundry,Laundry,PAYROLL,0161,6010,Commissions,OH_LAUNDRY,OVERHEAD EXPENSES,Fixed Cost,0.0,ANALOGIA,false,ANALOGIA cuenta 6010 en CWL OVERHEAD (Fixed Cost=6)
AMA,laundry,Laundry,PAYROLL,0161,6020,Social Security,OH_LAUNDRY,OVERHEAD EXPENSES,Fixed Cost,0.0,ANALOGIA,false,ANALOGIA cuenta 6020 en CWL OVERHEAD (Fixed Cost=6)
AMA,laundry,Laundry,PAYROLL,0161,6021,Christmas bonus,OH_LAUNDRY,OVERHEAD EXPENSES,Fixed Cost,0.0,ANALOGIA,false,ANALOGIA cuenta 6021 en CWL OVERHEAD (Fixed Cost=6)
AMA,laundry,Laundry,PAYROLL,0161,6022,Work Risk Policy,OH_LAUNDRY,OVERHEAD EXPENSES,Fixed Cost,0.0,ANALOGIA,false,ANALOGIA cuenta 6022 en CWL OVERHEAD (Fixed Cost=6)
AMA,laundry,Laundry,PAYROLL,0161,6023,Vacations Accrual,OH_LAUNDRY,OVERHEAD EXPENSES,Fixed Cost,0.0,ANALOGIA,false,ANALOGIA cuenta 6023 en CWL OVERHEAD (Fixed Cost=6)
AMA,laundry,Laundry,PAYROLL,0161,6024,Vacations Taken,OH_LAUNDRY,OVERHEAD EXPENSES,Fixed Cost,0.0,ANALOGIA,false,ANALOGIA cuenta 6024 en CWL OVERHEAD (Fixed Cost=6)
AMA,laundry,Laundry,PAYROLL,0161,6025,Cafeteria,OH_LAUNDRY,OVERHEAD EXPENSES,Fixed Cost,0.0,ANALOGIA,false,ANALOGIA cuenta 6025 en CWL OVERHEAD (Fixed Cost=6)
AMA,laundry,Laundry,PAYROLL,0161,6026,Notice and Severance Pay,OH_LAUNDRY,OVERHEAD EXPENSES,Fixed Cost,0.0,ANALOGIA,false,ANALOGIA cuenta 6026 en CWL OVERHEAD (Fixed Cost=6)
AMA,laundry,Laundry,PAYROLL,0161,6027,Incentive Bonus,OH_LAUNDRY,OVERHEAD EXPENSES,Fixed Cost,0.0,ANALOGIA,false,ANALOGIA cuenta 6027 en CWL OVERHEAD (Fixed Cost=6)
AMA,laundry,Laundry,PAYROLL,0161,6028,Housing,OH_LAUNDRY,OVERHEAD EXPENSES,Fixed Cost,0.0,ANALOGIA,false,ANALOGIA cuenta 6028 en CWL OVERHEAD (Fixed Cost=5)
AMA,laundry,Laundry,PAYROLL,0161,6029,Employee Transportation,OH_LAUNDRY,OVERHEAD EXPENSES,Fixed Cost,0.0,ANALOGIA,false,ANALOGIA cuenta 6029 en CWL OVERHEAD (Fixed Cost=6)
AMA,laundry,Laundry,PAYROLL,0161,6030,Employee Benefit Others,OH_LAUNDRY,OVERHEAD EXPENSES,Fixed Cost,0.0,ANALOGIA,false,ANALOGIA cuenta 6030 en CWL OVERHEAD (Fixed Cost=6)
AMA,laundry,Laundry,OPERATING EXPENSES,0161,7100,Complimentary Services and Gifts,OH_LAUNDRY,OVERHEAD EXPENSES,Fixed Cost,0.0,ANALOGIA,false,ANALOGIA cuenta 7100 en CWL OVERHEAD (Fixed Cost=2)
AMA,laundry,Laundry,OPERATING EXPENSES,0161,7105,Contract Services,OH_LAUNDRY,OVERHEAD EXPENSES,Fixed Cost,0.0,ANALOGIA,false,ANALOGIA cuenta 7105 en CWL OVERHEAD (Fixed Cost=4)
AMA,laundry,Laundry,OPERATING EXPENSES,0161,7110,Corporate Office Reimbursables,OH_LAUNDRY,OVERHEAD EXPENSES,Fixed Cost,0.0,ANALOGIA,false,ANALOGIA cuenta 7110 en CWL OVERHEAD (Fixed Cost=4)
AMA,laundry,Laundry,OPERATING EXPENSES,0161,7125,Decorations,OH_LAUNDRY,OVERHEAD EXPENSES,Fixed Cost,0.0,ANALOGIA,false,ANALOGIA cuenta 7125 en CWL OVERHEAD (Fixed Cost=2)
AMA,laundry,Laundry,OPERATING EXPENSES,0161,7150,Dues and Subscriptions,OH_LAUNDRY,OVERHEAD EXPENSES,Fixed Cost,0.0,ANALOGIA,false,ANALOGIA cuenta 7150 en CWL OVERHEAD (Fixed Cost=4)
AMA,laundry,Laundry,OPERATING EXPENSES,0161,7175,Entertainment—In-House,OH_LAUNDRY,OVERHEAD EXPENSES,Fixed Cost,0.0,ANALOGIA,false,ANALOGIA cuenta 7175 en CWL OVERHEAD (Fixed Cost=4)
AMA,laundry,Laundry,OPERATING EXPENSES,0161,7185,Equipment Rental,OH_LAUNDRY,OVERHEAD EXPENSES,Fixed Cost,0.0,ANALOGIA,false,ANALOGIA cuenta 7185 en CWL OVERHEAD (Fixed Cost=4)
AMA,laundry,Laundry,OPERATING EXPENSES,0161,7335,Licenses and Permits,OH_LAUNDRY,OVERHEAD EXPENSES,Fixed Cost,0.0,ANALOGIA,false,ANALOGIA cuenta 7335 en CWL OVERHEAD (Fixed Cost=2)
AMA,laundry,Laundry,OPERATING EXPENSES,0161,7380,Miscellaneous,OH_LAUNDRY,OVERHEAD EXPENSES,Fixed Cost,0.0,ANALOGIA,false,ANALOGIA cuenta 7380 en CWL OVERHEAD (Fixed Cost=4)
AMA,laundry,Laundry,OPERATING EXPENSES,0161,7400,Operating Supplies,OH_LAUNDRY,OVERHEAD EXPENSES,Fixed Cost,0.0,ANALOGIA,false,ANALOGIA cuenta 7400 en CWL OVERHEAD (Fixed Cost=4)
AMA,laundry,Laundry,OPERATING EXPENSES,0161,7665,Training,OH_LAUNDRY,OVERHEAD EXPENSES,Fixed Cost,0.0,ANALOGIA,false,ANALOGIA cuenta 7665 en CWL OVERHEAD (Fixed Cost=4)
AMA,laundry,Laundry,OPERATING EXPENSES,0161,7670,Travel—Meals and Entertainment,OH_LAUNDRY,OVERHEAD EXPENSES,Fixed Cost,0.0,ANALOGIA,false,ANALOGIA cuenta 7670 en CWL OVERHEAD (Fixed Cost=4)
AMA,laundry,Laundry,OPERATING EXPENSES,0161,7675,Travel—Other,OH_LAUNDRY,OVERHEAD EXPENSES,Fixed Cost,0.0,ANALOGIA,false,ANALOGIA cuenta 7675 en CWL OVERHEAD (Fixed Cost=3/Variable=1)
AMA,laundry,Laundry,OPERATING EXPENSES,0161,7680,Uniform Costs,OH_LAUNDRY,OVERHEAD EXPENSES,Fixed Cost,0.0,ANALOGIA,false,ANALOGIA cuenta 7680 en CWL OVERHEAD (Fixed Cost=3)
AMA,laundry,Laundry,OPERATING EXPENSES,0161,7685,Uniform Laundry,OH_LAUNDRY,OVERHEAD EXPENSES,Fixed Cost,0.0,ANALOGIA,false,ANALOGIA cuenta 7685 en CWL OVERHEAD (Fixed Cost=3)
AMA,cafeteria,Cafetería,PAYROLL,0220,6000,Salary and Wages,OH_CAFETERIA,OVERHEAD EXPENSES,Fixed Cost,0.0,ANALOGIA,false,ANALOGIA cuenta 6000 en CWL OVERHEAD (Fixed Cost=6)
AMA,cafeteria,Cafetería,PAYROLL,0220,6001,Overtime,OH_CAFETERIA,OVERHEAD EXPENSES,Fixed Cost,0.0,ANALOGIA,false,ANALOGIA cuenta 6001 en CWL OVERHEAD (Fixed Cost=6)
AMA,cafeteria,Cafetería,PAYROLL,0220,6002,Day Off,OH_CAFETERIA,OVERHEAD EXPENSES,Fixed Cost,0.0,ANALOGIA,false,ANALOGIA cuenta 6002 en CWL OVERHEAD (Fixed Cost=6)
AMA,cafeteria,Cafetería,PAYROLL,0220,6003,Working Holiday,OH_CAFETERIA,OVERHEAD EXPENSES,Fixed Cost,0.0,ANALOGIA,false,ANALOGIA cuenta 6003 en CWL OVERHEAD (Fixed Cost=6)
AMA,cafeteria,Cafetería,PAYROLL,0220,6010,Commissions,OH_CAFETERIA,OVERHEAD EXPENSES,Fixed Cost,0.0,ANALOGIA,false,ANALOGIA cuenta 6010 en CWL OVERHEAD (Fixed Cost=6)
AMA,cafeteria,Cafetería,PAYROLL,0220,6020,Social Security,OH_CAFETERIA,OVERHEAD EXPENSES,Fixed Cost,0.0,ANALOGIA,false,ANALOGIA cuenta 6020 en CWL OVERHEAD (Fixed Cost=6)
AMA,cafeteria,Cafetería,PAYROLL,0220,6021,Christmas bonus,OH_CAFETERIA,OVERHEAD EXPENSES,Fixed Cost,0.0,ANALOGIA,false,ANALOGIA cuenta 6021 en CWL OVERHEAD (Fixed Cost=6)
AMA,cafeteria,Cafetería,PAYROLL,0220,6022,Work Risk Policy,OH_CAFETERIA,OVERHEAD EXPENSES,Fixed Cost,0.0,ANALOGIA,false,ANALOGIA cuenta 6022 en CWL OVERHEAD (Fixed Cost=6)
AMA,cafeteria,Cafetería,PAYROLL,0220,6023,Vacations Accrual,OH_CAFETERIA,OVERHEAD EXPENSES,Fixed Cost,0.0,ANALOGIA,false,ANALOGIA cuenta 6023 en CWL OVERHEAD (Fixed Cost=6)
AMA,cafeteria,Cafetería,PAYROLL,0220,6024,Vacations Taken,OH_CAFETERIA,OVERHEAD EXPENSES,Fixed Cost,0.0,ANALOGIA,false,ANALOGIA cuenta 6024 en CWL OVERHEAD (Fixed Cost=6)
AMA,cafeteria,Cafetería,PAYROLL,0220,6025,Cafeteria,OH_CAFETERIA,OVERHEAD EXPENSES,Fixed Cost,0.0,ANALOGIA,false,ANALOGIA cuenta 6025 en CWL OVERHEAD (Fixed Cost=6)
AMA,cafeteria,Cafetería,PAYROLL,0220,6026,Notice and Severance Pay,OH_CAFETERIA,OVERHEAD EXPENSES,Fixed Cost,0.0,ANALOGIA,false,ANALOGIA cuenta 6026 en CWL OVERHEAD (Fixed Cost=6)
AMA,cafeteria,Cafetería,PAYROLL,0220,6027,Incentive Bonus,OH_CAFETERIA,OVERHEAD EXPENSES,Fixed Cost,0.0,ANALOGIA,false,ANALOGIA cuenta 6027 en CWL OVERHEAD (Fixed Cost=6)
AMA,cafeteria,Cafetería,PAYROLL,0220,6028,Housing,OH_CAFETERIA,OVERHEAD EXPENSES,Fixed Cost,0.0,ANALOGIA,false,ANALOGIA cuenta 6028 en CWL OVERHEAD (Fixed Cost=5)
AMA,cafeteria,Cafetería,PAYROLL,0220,6029,Employee Transportation,OH_CAFETERIA,OVERHEAD EXPENSES,Fixed Cost,0.0,ANALOGIA,false,ANALOGIA cuenta 6029 en CWL OVERHEAD (Fixed Cost=6)
AMA,cafeteria,Cafetería,PAYROLL,0220,6030,Employee Benefit Others,OH_CAFETERIA,OVERHEAD EXPENSES,Fixed Cost,0.0,ANALOGIA,false,ANALOGIA cuenta 6030 en CWL OVERHEAD (Fixed Cost=6)
AMA,cafeteria,Cafetería,COST OF SALES,0220,5700,Costo 1,COH_CAFETERIA,OVERHEAD COST OF SALES,Fixed Cost,0.0,ANALOGIA,false,ANALOGIA cuenta 5700 en CWL OVERHEAD (Fixed Cost=1)
AMA,cafeteria,Cafetería,COST OF SALES,0220,5701,Costo 2,COH_CAFETERIA,OVERHEAD COST OF SALES,Fixed Cost,0.0,ANALOGIA,false,ANALOGIA cuenta 5701 en CWL OVERHEAD (Fixed Cost=1)
AMA,cafeteria,Cafetería,OPERATING EXPENSES,0220,7105,Contract Services,OH_CAFETERIA,OVERHEAD EXPENSES,Fixed Cost,0.0,ANALOGIA,false,ANALOGIA cuenta 7105 en CWL OVERHEAD (Fixed Cost=4)
AMA,cafeteria,Cafetería,OPERATING EXPENSES,0220,7110,Corporate Office Reimbursables,OH_CAFETERIA,OVERHEAD EXPENSES,Fixed Cost,0.0,ANALOGIA,false,ANALOGIA cuenta 7110 en CWL OVERHEAD (Fixed Cost=4)
AMA,cafeteria,Cafetería,OPERATING EXPENSES,0220,7125,Decorations,OH_CAFETERIA,OVERHEAD EXPENSES,Fixed Cost,0.0,ANALOGIA,false,ANALOGIA cuenta 7125 en CWL OVERHEAD (Fixed Cost=2)
AMA,cafeteria,Cafetería,OPERATING EXPENSES,0220,7150,Dues and Subscriptions,OH_CAFETERIA,OVERHEAD EXPENSES,Fixed Cost,0.0,ANALOGIA,false,ANALOGIA cuenta 7150 en CWL OVERHEAD (Fixed Cost=4)
AMA,cafeteria,Cafetería,OPERATING EXPENSES,0220,7175,Entertainment—In-House,OH_CAFETERIA,OVERHEAD EXPENSES,Fixed Cost,0.0,ANALOGIA,false,ANALOGIA cuenta 7175 en CWL OVERHEAD (Fixed Cost=4)
AMA,cafeteria,Cafetería,OPERATING EXPENSES,0220,7185,Equipment Rental,OH_CAFETERIA,OVERHEAD EXPENSES,Fixed Cost,0.0,ANALOGIA,false,ANALOGIA cuenta 7185 en CWL OVERHEAD (Fixed Cost=4)
AMA,cafeteria,Cafetería,OPERATING EXPENSES,0220,7335,Licenses and Permits,OH_CAFETERIA,OVERHEAD EXPENSES,Fixed Cost,0.0,ANALOGIA,false,ANALOGIA cuenta 7335 en CWL OVERHEAD (Fixed Cost=2)
AMA,cafeteria,Cafetería,OPERATING EXPENSES,0220,7380,Miscellaneous,OH_CAFETERIA,OVERHEAD EXPENSES,Fixed Cost,0.0,ANALOGIA,false,ANALOGIA cuenta 7380 en CWL OVERHEAD (Fixed Cost=4)
AMA,cafeteria,Cafetería,OPERATING EXPENSES,0220,7400,Operating Supplies,OH_CAFETERIA,OVERHEAD EXPENSES,Fixed Cost,0.0,ANALOGIA,false,ANALOGIA cuenta 7400 en CWL OVERHEAD (Fixed Cost=4)
AMA,cafeteria,Cafetería,OPERATING EXPENSES,0220,7665,Training,OH_CAFETERIA,OVERHEAD EXPENSES,Fixed Cost,0.0,ANALOGIA,false,ANALOGIA cuenta 7665 en CWL OVERHEAD (Fixed Cost=4)
AMA,cafeteria,Cafetería,OPERATING EXPENSES,0220,7670,Travel—Meals and Entertainment,OH_CAFETERIA,OVERHEAD EXPENSES,Fixed Cost,0.0,ANALOGIA,false,ANALOGIA cuenta 7670 en CWL OVERHEAD (Fixed Cost=4)
AMA,cafeteria,Cafetería,OPERATING EXPENSES,0220,7675,Travel—Other,OH_CAFETERIA,OVERHEAD EXPENSES,Fixed Cost,0.0,ANALOGIA,false,ANALOGIA cuenta 7675 en CWL OVERHEAD (Fixed Cost=3/Variable=1)
AMA,cafeteria,Cafetería,OPERATING EXPENSES,0220,7680,Uniform Costs,OH_CAFETERIA,OVERHEAD EXPENSES,Fixed Cost,0.0,ANALOGIA,false,ANALOGIA cuenta 7680 en CWL OVERHEAD (Fixed Cost=3)
AMA,cafeteria,Cafetería,OPERATING EXPENSES,0220,7685,Uniform Laundry,OH_CAFETERIA,OVERHEAD EXPENSES,Fixed Cost,0.0,ANALOGIA,false,ANALOGIA cuenta 7685 en CWL OVERHEAD (Fixed Cost=3)
AMA,ag,A&G,PAYROLL,0181,6000,Salary and Wages,OH_ADMIN,OVERHEAD EXPENSES,Fixed Cost,0.0,GL,false,CWL 0184:6000
AMA,ag,A&G,PAYROLL,0181,6001,Overtime,OH_ADMIN,OVERHEAD EXPENSES,Fixed Cost,0.0,GL,false,CWL 0184:6001
AMA,ag,A&G,PAYROLL,0181,6002,Day Off,OH_ADMIN,OVERHEAD EXPENSES,Fixed Cost,0.0,GL,false,CWL 0184:6002
AMA,ag,A&G,PAYROLL,0181,6003,Working Holiday,OH_ADMIN,OVERHEAD EXPENSES,Fixed Cost,0.0,GL,false,CWL 0184:6003
AMA,ag,A&G,PAYROLL,0181,6010,Commissions,OH_ADMIN,OVERHEAD EXPENSES,Fixed Cost,0.0,GL,false,CWL 0184:6010
AMA,ag,A&G,PAYROLL,0181,6020,Social Security,OH_ADMIN,OVERHEAD EXPENSES,Fixed Cost,0.0,GL,false,CWL 0184:6020
AMA,ag,A&G,PAYROLL,0181,6021,Christmas bonus,OH_ADMIN,OVERHEAD EXPENSES,Fixed Cost,0.0,GL,false,CWL 0184:6021
AMA,ag,A&G,PAYROLL,0181,6022,Work Risk Policy,OH_ADMIN,OVERHEAD EXPENSES,Fixed Cost,0.0,GL,false,CWL 0184:6022
AMA,ag,A&G,PAYROLL,0181,6023,Vacations Accrual,OH_ADMIN,OVERHEAD EXPENSES,Fixed Cost,0.0,GL,false,CWL 0184:6023
AMA,ag,A&G,PAYROLL,0181,6024,Vacations Taken,OH_ADMIN,OVERHEAD EXPENSES,Fixed Cost,0.0,GL,false,CWL 0184:6024
AMA,ag,A&G,PAYROLL,0181,6025,Cafeteria,OH_ADMIN,OVERHEAD EXPENSES,Fixed Cost,0.0,GL,false,CWL 0184:6025
AMA,ag,A&G,PAYROLL,0181,6026,Notice and Severance Pay,OH_ADMIN,OVERHEAD EXPENSES,Fixed Cost,0.0,GL,false,CWL 0184:6026
AMA,ag,A&G,PAYROLL,0181,6027,Incentive Bonus,OH_ADMIN,OVERHEAD EXPENSES,Fixed Cost,0.0,GL,false,CWL 0184:6027
AMA,ag,A&G,PAYROLL,0181,6028,Housing,OH_ADMIN,OVERHEAD EXPENSES,Fixed Cost,0.0,GL,false,CWL 0180:6028
AMA,ag,A&G,PAYROLL,0181,6029,Employee Transportation,OH_ADMIN,OVERHEAD EXPENSES,Fixed Cost,0.0,GL,false,CWL 0184:6029
AMA,ag,A&G,PAYROLL,0181,6030,Employee Benefit Others,OH_ADMIN,OVERHEAD EXPENSES,Fixed Cost,0.0,GL,false,CWL 0184:6030
AMA,ag,A&G,COST OF SALES,0181,5700,Cost of Cells Phones,COH_CAFETERIA,OVERHEAD COST OF SALES,Fixed Cost,0.0,ANALOGIA,false,ANALOGIA cuenta 5700 en CWL OVERHEAD (Fixed Cost=1)
AMA,ag,A&G,COST OF SALES,0181,5701,Cost of Local Calls,COH_CAFETERIA,OVERHEAD COST OF SALES,Fixed Cost,0.0,ANALOGIA,false,ANALOGIA cuenta 5701 en CWL OVERHEAD (Fixed Cost=1)
AMA,ag,A&G,OPERATING EXPENSES,0181,7105,Contract Services,OH_ADMIN,OVERHEAD EXPENSES,Fixed Cost,0.0,GL,false,CWL 0180:7105
AMA,ag,A&G,OPERATING EXPENSES,0181,7110,Corporate Office Reimbursables,OH_ADMIN,OVERHEAD EXPENSES,Fixed Cost,0.0,GL,false,CWL 0180:7110
AMA,ag,A&G,OPERATING EXPENSES,0181,7125,Decorations,OH_ADMIN,OVERHEAD EXPENSES,Fixed Cost,0.0,GL,false,CWL 0180:7125
AMA,ag,A&G,OPERATING EXPENSES,0181,7150,Dues and Subscriptions,OH_ADMIN,OVERHEAD EXPENSES,Fixed Cost,0.0,GL,false,CWL 0180:7150
AMA,ag,A&G,OPERATING EXPENSES,0181,7175,Entertainment—In-House,OH_ADMIN,OVERHEAD EXPENSES,Fixed Cost,0.0,GL,false,CWL 0180:7175
AMA,ag,A&G,OPERATING EXPENSES,0181,7185,Equipment Rental,OH_ADMIN,OVERHEAD EXPENSES,Fixed Cost,0.0,GL,false,CWL 0180:7185
AMA,ag,A&G,OPERATING EXPENSES,0181,7335,Licenses and Permits,OH_ADMIN,OVERHEAD EXPENSES,Fixed Cost,0.0,GL,false,CWL 0180:7335
AMA,ag,A&G,OPERATING EXPENSES,0181,7380,Miscellaneous,OH_ADMIN,OVERHEAD EXPENSES,Fixed Cost,0.0,GL,false,CWL 0180:7380
AMA,ag,A&G,OPERATING EXPENSES,0181,7400,Operating Supplies,OH_ADMIN,OVERHEAD EXPENSES,Fixed Cost,0.0,GL,false,CWL 0180:7400
AMA,ag,A&G,OPERATING EXPENSES,0181,7665,Training,OH_ADMIN,OVERHEAD EXPENSES,Fixed Cost,0.0,GL,false,CWL 0180:7665
AMA,ag,A&G,OPERATING EXPENSES,0181,7670,Travel—Meals and Entertainment,OH_ADMIN,OVERHEAD EXPENSES,Fixed Cost,0.0,GL,false,CWL 0180:7670
AMA,ag,A&G,OPERATING EXPENSES,0181,7675,Travel—Other,OH_ADMIN,OVERHEAD EXPENSES,Fixed Cost,0.0,GL,false,CWL 0180:7675
AMA,ag,A&G,OPERATING EXPENSES,0181,7680,Uniform Costs,OH_ADMIN,OVERHEAD EXPENSES,Fixed Cost,0.0,GL,false,CWL 0180:7680
AMA,ag,A&G,OPERATING EXPENSES,0181,7685,Uniform Laundry,OH_ADMIN,OVERHEAD EXPENSES,Fixed Cost,0.0,GL,false,CWL 0180:7685
AMA,property-expenses,Property Expenses,RENT & MANAGEMENT FEES,0250,8000,RENT1 | RENT,RENT,OWNER / NON-OP EXPENSES,Fixed Cost,0.0,GL,false,CWL 0250:8000
AMA,property-expenses,Property Expenses,RENT & MANAGEMENT FEES,0250,8005,OWNERS FEE1,MGMT_FEE_3,OWNER / NON-OP EXPENSES,Fixed Cost,0.0,GL,false,CWL 0250:8005
AMA,property-expenses,Property Expenses,PROPERTIES INSURANCE,0250,8015,PROPERTY INSURANCE1 | PROPERTY INSURANCE2 | PROPERTY INSURANCE3 | PROPERTY INSURANCE4 | PROPERTY INSURANCE5,PROPERTY_INSURANCE,OWNER / NON-OP EXPENSES,Fixed Cost,0.0,GL,false,CWL 0250:8015
AMA,property-expenses,Property Expenses,FINANCIAL CHARGES,0250,8035,INTEREST ON LOANS1 | INTEREST ON LOANS,BANK_INTEREST,FINANCIAL EXPENSES,Fixed Cost,0.0,GL,false,CWL 0250:8035
AMA,property-expenses,Property Expenses,CAPITAL EXPENSES,0250,8020,CAPITAL RESERVE,CAPITAL_RESERVE,CAPITAL,Fixed Cost,0.0,GL,false,CWL 0250:8020
AMA,property-expenses,Property Expenses,DEPRECIATION,0250,8040,DEPRECIATION1 | DEPRECIATION2 | DEPRECIATION4 | DEPRECIATION,DEPRECIATION,DEPRECIATION,Fixed Cost,0.0,GL,false,CWL 0250:8040
AMA,property-expenses,Property Expenses,NON DEDUCTIBLE EXPENSES,0250,8025,FINES AND OTHER NON-DEDUCTIBLE EXPENSES1 | FINES AND OTHER NON-DEDUCTIBLE EXPENSES,OTHER_EXPENSES,OWNER / NON-OP EXPENSES,Fixed Cost,0.0,GL,false,CWL 0250:8025
AMA,property-expenses,Property Expenses,INCOME TAX,0250,8060,INCOME TAX,INCOME_TAXES,TAX / NET PROFIT,Fixed Cost,0.0,GL,true,CWL 0250:8060
AMA,club-madresal,Club Madresal,PAYROLL,260,6000,Salary and Wages,OPEX_CLUB,OPERATING EXPENSES,Variable,1.0,ANALOGIA,false,ANALOGIA cuenta 6000 en CWL OPERATING (Variable=7/Fixed Cost=2)
AMA,club-madresal,Club Madresal,PAYROLL,260,6001,Overtime,OPEX_CLUB,OPERATING EXPENSES,Variable,1.0,ANALOGIA,false,ANALOGIA cuenta 6001 en CWL OPERATING (Variable=7/Fixed Cost=1)
AMA,club-madresal,Club Madresal,PAYROLL,260,6002,Day Off,OPEX_CLUB,OPERATING EXPENSES,Variable,1.0,ANALOGIA,false,ANALOGIA cuenta 6002 en CWL OPERATING (Variable=7/Fixed Cost=1)
AMA,club-madresal,Club Madresal,PAYROLL,260,6003,Working Holiday,OPEX_CLUB,OPERATING EXPENSES,Variable,1.0,ANALOGIA,false,ANALOGIA cuenta 6003 en CWL OPERATING (Variable=7/Fixed Cost=2)
AMA,club-madresal,Club Madresal,PAYROLL,260,6010,Commissions,OPEX_CLUB,OPERATING EXPENSES,Variable,1.0,ANALOGIA,false,ANALOGIA cuenta 6010 en CWL OPERATING (Variable=7/Fixed Cost=2)
AMA,club-madresal,Club Madresal,PAYROLL,260,6020,Social Security,OPEX_CLUB,OPERATING EXPENSES,Variable,1.0,ANALOGIA,false,ANALOGIA cuenta 6020 en CWL OPERATING (Variable=7/Fixed Cost=2)
AMA,club-madresal,Club Madresal,PAYROLL,260,6021,Christmas bonus,OPEX_CLUB,OPERATING EXPENSES,Variable,1.0,ANALOGIA,false,ANALOGIA cuenta 6021 en CWL OPERATING (Variable=7/Fixed Cost=2)
AMA,club-madresal,Club Madresal,PAYROLL,260,6022,Work Risk Policy,OPEX_CLUB,OPERATING EXPENSES,Variable,1.0,ANALOGIA,false,ANALOGIA cuenta 6022 en CWL OPERATING (Variable=7/Fixed Cost=2)
AMA,club-madresal,Club Madresal,PAYROLL,260,6023,Vacations Accrual,OPEX_CLUB,OPERATING EXPENSES,Variable,1.0,ANALOGIA,false,ANALOGIA cuenta 6023 en CWL OPERATING (Variable=7/Fixed Cost=1)
AMA,club-madresal,Club Madresal,PAYROLL,260,6024,Vacations Taken,OPEX_CLUB,OPERATING EXPENSES,Variable,1.0,ANALOGIA,false,ANALOGIA cuenta 6024 en CWL OPERATING (Variable=7/Fixed Cost=2)
AMA,club-madresal,Club Madresal,PAYROLL,260,6025,Cafeteria,OPEX_CLUB,OPERATING EXPENSES,Variable,1.0,ANALOGIA,false,ANALOGIA cuenta 6025 en CWL OPERATING (Variable=7/Fixed Cost=2)
AMA,club-madresal,Club Madresal,PAYROLL,260,6026,Notice and Severance Pay,OPEX_CLUB,OPERATING EXPENSES,Variable,1.0,ANALOGIA,false,ANALOGIA cuenta 6026 en CWL OPERATING (Variable=7/Fixed Cost=1)
AMA,club-madresal,Club Madresal,PAYROLL,260,6027,Incentive Bonus,OPEX_CLUB,OPERATING EXPENSES,Variable,1.0,ANALOGIA,false,ANALOGIA cuenta 6027 en CWL OPERATING (Variable=7/Fixed Cost=1)
AMA,club-madresal,Club Madresal,PAYROLL,260,6028,Housing,OPEX_CLUB,OPERATING EXPENSES,Variable,1.0,ANALOGIA,false,ANALOGIA cuenta 6028 en CWL OPERATING (Variable=7/Fixed Cost=1)
AMA,club-madresal,Club Madresal,PAYROLL,260,6029,Employee Transportation,OPEX_CLUB,OPERATING EXPENSES,Variable,1.0,ANALOGIA,false,ANALOGIA cuenta 6029 en CWL OPERATING (Variable=7/Fixed Cost=2)
AMA,club-madresal,Club Madresal,PAYROLL,260,6030,Employee Benefit Others,OPEX_CLUB,OPERATING EXPENSES,Variable,1.0,ANALOGIA,false,ANALOGIA cuenta 6030 en CWL OPERATING (Variable=7/Fixed Cost=2)
AMA,club-madresal,Club Madresal,OPERATING EXPENSES,260,7065,CLEANING SUPPLIES,OPEX_CLUB,OPERATING EXPENSES,Variable,1.0,ANALOGIA,false,ANALOGIA cuenta 7065 en CWL OPERATING (Variable=6)
AMA,club-madresal,Club Madresal,OPERATING EXPENSES,260,7105,CONTRACT SERVICES,OPEX_CLUB,OPERATING EXPENSES,Variable,1.0,ANALOGIA,false,ANALOGIA cuenta 7105 en CWL OPERATING (Variable=7/Fixed Cost=1)
AMA,club-madresal,Club Madresal,OPERATING EXPENSES,260,7175,ENTERTAINMENT-IN-HOUSE,OPEX_CLUB,OPERATING EXPENSES,Variable,1.0,ANALOGIA,false,ANALOGIA cuenta 7175 en CWL OPERATING (Variable=5)
AMA,club-madresal,Club Madresal,OPERATING EXPENSES,260,7310,LAUNDRY AND DRY CLEANING,OPEX_CLUB,OPERATING EXPENSES,Variable,1.0,ANALOGIA,false,ANALOGIA cuenta 7310 en CWL OPERATING (Variable=6)
AMA,club-madresal,Club Madresal,OPERATING EXPENSES,260,7335,LICENSES AND PERMITS,OPEX_CLUB,OPERATING EXPENSES,Variable,1.0,ANALOGIA,false,ANALOGIA cuenta 7335 en CWL OPERATING (Variable=5)
AMA,club-madresal,Club Madresal,OPERATING EXPENSES,260,7380,MISCELLANEOUS/Caja chica,OPEX_CLUB,OPERATING EXPENSES,Variable,1.0,ANALOGIA,false,ANALOGIA cuenta 7380 en CWL OPERATING (Variable=10)
AMA,club-madresal,Club Madresal,OPERATING EXPENSES,260,7400,OPERATING SUPPLIES,OPEX_CLUB,OPERATING EXPENSES,Variable,1.0,ANALOGIA,false,ANALOGIA cuenta 7400 en CWL OPERATING (Variable=10)
AMA,club-madresal,Club Madresal,OPERATING EXPENSES,260,7490,PRINTING AND STATIONERY,OPEX_CLUB,OPERATING EXPENSES,Variable,1.0,ANALOGIA,false,ANALOGIA cuenta 7490 en CWL OPERATING (Variable=9)
AMA,club-madresal,Club Madresal,OPERATING EXPENSES,260,7555,SWIMMING POOL,OPEX_CLUB,OPERATING EXPENSES,Variable,1.0,ANALOGIA,false,ANALOGIA cuenta 7555 en CWL OPERATING (Variable=1)
AMA,club-madresal,Club Madresal,OPERATING EXPENSES,260,7680,UNIFORM COSTS,OPEX_CLUB,OPERATING EXPENSES,Variable,1.0,ANALOGIA,false,ANALOGIA cuenta 7680 en CWL OPERATING (Variable=10)
AMA,club-madresal,Club Madresal,OPERATING EXPENSES,260,7110,Corporate Office Reimbursables,OPEX_CLUB,OPERATING EXPENSES,Variable,1.0,ANALOGIA,false,ANALOGIA cuenta 7110 en CWL OPERATING (Variable=5)
AMA,club-madresal,Club Madresal,OPERATING EXPENSES,260,7150,Dues and Subscriptions,OPEX_CLUB,OPERATING EXPENSES,Fixed Cost,0.0,ANALOGIA,false,ANALOGIA cuenta 7150 en CWL OPERATING (Fixed Cost=3/Variable=2)
AMA,club-madresal,Club Madresal,OPERATING EXPENSES,260,7185,Equipment Rental,OPEX_CLUB,OPERATING EXPENSES,Variable,1.0,ANALOGIA,false,ANALOGIA cuenta 7185 en CWL OPERATING (Variable=5)
AMA,club-madresal,Club Madresal,OPERATING EXPENSES,260,7665,Training,OPEX_CLUB,OPERATING EXPENSES,Variable,1.0,ANALOGIA,false,ANALOGIA cuenta 7665 en CWL OPERATING (Variable=10)
AMA,club-madresal,Club Madresal,OPERATING EXPENSES,260,7670,Travel—Meals and Entertainment,OPEX_CLUB,OPERATING EXPENSES,Variable,1.0,ANALOGIA,false,ANALOGIA cuenta 7670 en CWL OPERATING (Variable=9)
AMA,club-madresal,Club Madresal,OPERATING EXPENSES,260,7675,Travel—Other,OPEX_CLUB,OPERATING EXPENSES,Variable,1.0,ANALOGIA,false,ANALOGIA cuenta 7675 en CWL OPERATING (Variable=9)
AMA,club-madresal,Club Madresal,OPERATING EXPENSES,260,7685,Uniform Laundry,OPEX_CLUB,OPERATING EXPENSES,Variable,1.0,ANALOGIA,false,ANALOGIA cuenta 7685 en CWL OPERATING (Variable=10)
AMA,area-recreativa,Área Recreativa,PAYROLL,270,6000,Salary and Wages,OH_AREC,OVERHEAD EXPENSES,Fixed Cost,0.0,ANALOGIA,false,ANALOGIA cuenta 6000 en CWL OVERHEAD (Fixed Cost=6)
AMA,area-recreativa,Área Recreativa,PAYROLL,270,6001,Overtime,OH_AREC,OVERHEAD EXPENSES,Fixed Cost,0.0,ANALOGIA,false,ANALOGIA cuenta 6001 en CWL OVERHEAD (Fixed Cost=6)
AMA,area-recreativa,Área Recreativa,PAYROLL,270,6002,Day Off,OH_AREC,OVERHEAD EXPENSES,Fixed Cost,0.0,ANALOGIA,false,ANALOGIA cuenta 6002 en CWL OVERHEAD (Fixed Cost=6)
AMA,area-recreativa,Área Recreativa,PAYROLL,270,6003,Working Holiday,OH_AREC,OVERHEAD EXPENSES,Fixed Cost,0.0,ANALOGIA,false,ANALOGIA cuenta 6003 en CWL OVERHEAD (Fixed Cost=6)
AMA,area-recreativa,Área Recreativa,PAYROLL,270,6010,Commissions,OH_AREC,OVERHEAD EXPENSES,Fixed Cost,0.0,ANALOGIA,false,ANALOGIA cuenta 6010 en CWL OVERHEAD (Fixed Cost=6)
AMA,area-recreativa,Área Recreativa,PAYROLL,270,6020,Social Security,OH_AREC,OVERHEAD EXPENSES,Fixed Cost,0.0,ANALOGIA,false,ANALOGIA cuenta 6020 en CWL OVERHEAD (Fixed Cost=6)
AMA,area-recreativa,Área Recreativa,PAYROLL,270,6021,Christmas bonus,OH_AREC,OVERHEAD EXPENSES,Fixed Cost,0.0,ANALOGIA,false,ANALOGIA cuenta 6021 en CWL OVERHEAD (Fixed Cost=6)
AMA,area-recreativa,Área Recreativa,PAYROLL,270,6022,Work Risk Policy,OH_AREC,OVERHEAD EXPENSES,Fixed Cost,0.0,ANALOGIA,false,ANALOGIA cuenta 6022 en CWL OVERHEAD (Fixed Cost=6)
AMA,area-recreativa,Área Recreativa,PAYROLL,270,6023,Vacations Accrual,OH_AREC,OVERHEAD EXPENSES,Fixed Cost,0.0,ANALOGIA,false,ANALOGIA cuenta 6023 en CWL OVERHEAD (Fixed Cost=6)
AMA,area-recreativa,Área Recreativa,PAYROLL,270,6024,Vacations Taken,OH_AREC,OVERHEAD EXPENSES,Fixed Cost,0.0,ANALOGIA,false,ANALOGIA cuenta 6024 en CWL OVERHEAD (Fixed Cost=6)
AMA,area-recreativa,Área Recreativa,PAYROLL,270,6025,Cafeteria,OH_AREC,OVERHEAD EXPENSES,Fixed Cost,0.0,ANALOGIA,false,ANALOGIA cuenta 6025 en CWL OVERHEAD (Fixed Cost=6)
AMA,area-recreativa,Área Recreativa,PAYROLL,270,6026,Notice and Severance Pay,OH_AREC,OVERHEAD EXPENSES,Fixed Cost,0.0,ANALOGIA,false,ANALOGIA cuenta 6026 en CWL OVERHEAD (Fixed Cost=6)
AMA,area-recreativa,Área Recreativa,PAYROLL,270,6027,Incentive Bonus,OH_AREC,OVERHEAD EXPENSES,Fixed Cost,0.0,ANALOGIA,false,ANALOGIA cuenta 6027 en CWL OVERHEAD (Fixed Cost=6)
AMA,area-recreativa,Área Recreativa,PAYROLL,270,6028,Housing,OH_AREC,OVERHEAD EXPENSES,Fixed Cost,0.0,ANALOGIA,false,ANALOGIA cuenta 6028 en CWL OVERHEAD (Fixed Cost=5)
AMA,area-recreativa,Área Recreativa,PAYROLL,270,6029,Employee Transportation,OH_AREC,OVERHEAD EXPENSES,Fixed Cost,0.0,ANALOGIA,false,ANALOGIA cuenta 6029 en CWL OVERHEAD (Fixed Cost=6)
AMA,area-recreativa,Área Recreativa,PAYROLL,270,6030,Employee Benefit Others,OH_AREC,OVERHEAD EXPENSES,Fixed Cost,0.0,ANALOGIA,false,ANALOGIA cuenta 6030 en CWL OVERHEAD (Fixed Cost=6)
AMA,area-recreativa,Área Recreativa,OPERATING EXPENSES,270,7380,Miscellaneous,OH_AREC,OVERHEAD EXPENSES,Fixed Cost,0.0,ANALOGIA,false,ANALOGIA cuenta 7380 en CWL OVERHEAD (Fixed Cost=4)
AMA,area-recreativa,Área Recreativa,OPERATING EXPENSES,270,7400,Operating Supplies,OH_AREC,OVERHEAD EXPENSES,Fixed Cost,0.0,ANALOGIA,false,ANALOGIA cuenta 7400 en CWL OVERHEAD (Fixed Cost=4)
AMA,area-recreativa,Área Recreativa,OPERATING EXPENSES,270,7665,Training,OH_AREC,OVERHEAD EXPENSES,Fixed Cost,0.0,ANALOGIA,false,ANALOGIA cuenta 7665 en CWL OVERHEAD (Fixed Cost=4)
AMA,area-recreativa,Área Recreativa,OPERATING EXPENSES,270,7670,Travel-Meals and Entertainment,OH_AREC,OVERHEAD EXPENSES,Fixed Cost,0.0,ANALOGIA,false,ANALOGIA cuenta 7670 en CWL OVERHEAD (Fixed Cost=4)
AMA,area-recreativa,Área Recreativa,OPERATING EXPENSES,270,7675,Travel-Other,OH_AREC,OVERHEAD EXPENSES,Fixed Cost,0.0,ANALOGIA,false,ANALOGIA cuenta 7675 en CWL OVERHEAD (Fixed Cost=3/Variable=1)
AMA,area-recreativa,Área Recreativa,OPERATING EXPENSES,270,7680,Uniform Costs,OH_AREC,OVERHEAD EXPENSES,Fixed Cost,0.0,ANALOGIA,false,ANALOGIA cuenta 7680 en CWL OVERHEAD (Fixed Cost=3)
AMA,area-recreativa,Área Recreativa,OPERATING EXPENSES,270,7685,Uniform Laundry,OH_AREC,OVERHEAD EXPENSES,Fixed Cost,0.0,ANALOGIA,false,ANALOGIA cuenta 7685 en CWL OVERHEAD (Fixed Cost=3)
AMA,area-recreativa,Área Recreativa,OPERATING EXPENSES,270,7105,Contract Services,OH_AREC,OVERHEAD EXPENSES,Fixed Cost,0.0,ANALOGIA,false,ANALOGIA cuenta 7105 en CWL OVERHEAD (Fixed Cost=4)
AMA,area-recreativa,Área Recreativa,OPERATING EXPENSES,270,7110,Corporate Office Reimbursables,OH_AREC,OVERHEAD EXPENSES,Fixed Cost,0.0,ANALOGIA,false,ANALOGIA cuenta 7110 en CWL OVERHEAD (Fixed Cost=4)
AMA,area-recreativa,Área Recreativa,OPERATING EXPENSES,270,7150,Dues and Subscriptions,OH_AREC,OVERHEAD EXPENSES,Fixed Cost,0.0,ANALOGIA,false,ANALOGIA cuenta 7150 en CWL OVERHEAD (Fixed Cost=4)
AMA,area-recreativa,Área Recreativa,OPERATING EXPENSES,270,7175,Entertainment—In-House,OH_AREC,OVERHEAD EXPENSES,Fixed Cost,0.0,ANALOGIA,false,ANALOGIA cuenta 7175 en CWL OVERHEAD (Fixed Cost=4)
AMA,area-recreativa,Área Recreativa,OPERATING EXPENSES,270,7185,Equipment Rental,OH_AREC,OVERHEAD EXPENSES,Fixed Cost,0.0,ANALOGIA,false,ANALOGIA cuenta 7185 en CWL OVERHEAD (Fixed Cost=4)
AMA,rooms,Rooms,PAYROLL,0110,6004,Payroll 6004,OPEX_ROOMS,OPERATING EXPENSES,Variable,1.0,ANALOGIA,false,ANALOGIA bloque PAYROLL de rooms (16 cuentas)
AMA,fb,F&B,COST OF SALES,0120,5103,Freight on FoodCostos Alimentos,COS_FB_FOOD,COST OF SALES,Variable,1.0,ANALOGIA,false,ANALOGIA bloque COST OF SALES de fb (3 cuentas)
AMA,fb,F&B,COST OF SALES,0120,5151,Liquor CostCostos Beverage,COS_FB_BEV,COST OF SALES,Variable,1.0,ANALOGIA,false,ANALOGIA bloque COST OF SALES de fb (3 cuentas)
AMA,fb,F&B,COST OF SALES,0120,5152,Wine CostCostos Beverage,COS_FB_BEV,COST OF SALES,Variable,1.0,ANALOGIA,false,ANALOGIA bloque COST OF SALES de fb (3 cuentas)
AMA,fb,F&B,COST OF SALES,0120,5153,Beer CostCostos Beverage,COS_FB_BEV,COST OF SALES,Variable,1.0,ANALOGIA,false,ANALOGIA bloque COST OF SALES de fb (3 cuentas)
AMA,fb,F&B,COST OF SALES,0120,5154,Other CostCostos Beverage,COS_FB_BEV,COST OF SALES,Variable,1.0,ANALOGIA,false,ANALOGIA bloque COST OF SALES de fb (3 cuentas)
AMA,fb,F&B,COST OF SALES,0120,5155,Food to BarCostos Beverage,COS_FB_BEV,COST OF SALES,Variable,1.0,ANALOGIA,false,ANALOGIA bloque COST OF SALES de fb (3 cuentas)
AMA,fb,F&B,COST OF SALES,0120,5161,F&B Misc CostCostos F&B Misc,COS_FB_MISC,COST OF SALES,Variable,1.0,ANALOGIA,false,ANALOGIA bloque COST OF SALES de fb (3 cuentas)
AMA,fb,F&B,COST OF SALES,0120,5162,F&B Misc Cost 2Costos F&B Misc,COS_FB_MISC,COST OF SALES,Variable,1.0,ANALOGIA,false,ANALOGIA bloque COST OF SALES de fb (3 cuentas)
AMA,fb,F&B,COST OF SALES,0120,5163,F&B Misc Cost 3Costos F&B Misc,COS_FB_MISC,COST OF SALES,Variable,1.0,ANALOGIA,false,ANALOGIA bloque COST OF SALES de fb (3 cuentas)
AMA,fb,F&B,COST OF SALES,0120,5164,F&B Misc Cost 4Costos F&B Misc,COS_FB_MISC,COST OF SALES,Variable,1.0,ANALOGIA,false,ANALOGIA bloque COST OF SALES de fb (3 cuentas)
AMA,fb,F&B,COST OF SALES,0120,5165,F&B Misc Cost 5Costos F&B Misc,COS_FB_MISC,COST OF SALES,Variable,1.0,ANALOGIA,false,ANALOGIA bloque COST OF SALES de fb (3 cuentas)
AMA,fb,F&B,PAYROLL,0120,6004,Payroll 6004,OPEX_FB,OPERATING EXPENSES,Variable,1.0,ANALOGIA,false,ANALOGIA bloque PAYROLL de fb (16 cuentas)
AMA,spa,Spa,COST OF SALES,0140,5300,Spa Retail 1 CostCostos Spa,COS_SPA,COST OF SALES,Variable,1.0,ANALOGIA,false,ANALOGIA bloque COST OF SALES de spa (1 cuentas)
AMA,spa,Spa,PAYROLL,0140,6004,Payroll 6004,OPEX_SPA,OPERATING EXPENSES,Fixed Cost,0.0,ANALOGIA,false,ANALOGIA bloque PAYROLL de spa (16 cuentas)
AMA,tours,Tours,PAYROLL,0150,6004,Payroll 6004,OPEX_TOURS,OPERATING EXPENSES,Variable,1.0,ANALOGIA,false,ANALOGIA bloque PAYROLL de tours (17 cuentas)
AMA,gift-shop,Gift Shop,PAYROLL,0165,6004,Payroll 6004,OPEX_RETAIL,OPERATING EXPENSES,Variable,1.0,ANALOGIA,false,ANALOGIA bloque PAYROLL de gift-shop (16 cuentas)
AMA,gift-shop,Gift Shop,COST OF SALES,0165,5203,Women's Clothing CostCostos Tienda,COS_RETAIL,COST OF SALES,Variable,1.0,ANALOGIA,false,ANALOGIA bloque COST OF SALES de gift-shop (2 cuentas)
AMA,gift-shop,Gift Shop,COST OF SALES,0165,5204,Children's Clothing CostCostos Tienda,COS_RETAIL,COST OF SALES,Variable,1.0,ANALOGIA,false,ANALOGIA bloque COST OF SALES de gift-shop (2 cuentas)
AMA,gift-shop,Gift Shop,COST OF SALES,0165,5205,Accessories Apparel CostCostos Tienda,COS_RETAIL,COST OF SALES,Variable,1.0,ANALOGIA,false,ANALOGIA bloque COST OF SALES de gift-shop (2 cuentas)
AMA,gift-shop,Gift Shop,COST OF SALES,0165,5207,Shoes CostCostos Tienda,COS_RETAIL,COST OF SALES,Variable,1.0,ANALOGIA,false,ANALOGIA bloque COST OF SALES de gift-shop (2 cuentas)
AMA,gift-shop,Gift Shop,COST OF SALES,0165,5223,,,,Variable,1.0,ANALOGIA,false,ANALOGIA bloque COST OF SALES de gift-shop (2 cuentas)
AMA,transportation,Transportation,PAYROLL,0152,6004,Payroll 6004,OPEX_TRANSPORTATION,OPERATING EXPENSES,Variable,1.0,ANALOGIA,false,ANALOGIA bloque PAYROLL de transportation (16 cuentas)
AMA,innoceana,Innoceana,PAYROLL,0155,6004,Payroll 6004,OPEX_INNOCEANA,OPERATING EXPENSES,Variable,1.0,ANALOGIA,false,ANALOGIA bloque PAYROLL de innoceana (16 cuentas)
AMA,crowther-lab,Crowther Lab,PAYROLL,0156,6004,Payroll 6004,OPEX_CROWTHER_LAB,OPERATING EXPENSES,Variable,1.0,ANALOGIA,false,ANALOGIA bloque PAYROLL de crowther-lab (16 cuentas)
AMA,claro-huerta,Claro Huerta,PAYROLL,0205,6004,Payroll 6004,OH_CLARO_HUERTA,OVERHEAD EXPENSES,Variable,1.0,ANALOGIA,false,ANALOGIA bloque PAYROLL de claro-huerta (16 cuentas)
AMA,ag,A&G,PAYROLL,0180,6004,Payroll 6004,OH_ADMIN,OVERHEAD EXPENSES,Fixed Cost,0.0,ANALOGIA,false,ANALOGIA bloque PAYROLL de ag (32 cuentas)
AMA,sales-marketing,Sales & Marketing,PAYROLL,0190,6004,Payroll 6004,OH_SALES_MARKETING,OVERHEAD EXPENSES,Fixed Cost,0.0,ANALOGIA,false,ANALOGIA bloque PAYROLL de sales-marketing (16 cuentas)
AMA,maintenance,Maintenance,PAYROLL,0200,6004,Payroll 6004,OH_MAINTENANCE,OVERHEAD EXPENSES,Fixed Cost,0.0,ANALOGIA,false,ANALOGIA bloque PAYROLL de maintenance (16 cuentas)
AMA,information-system,Information System,PAYROLL,0230,6004,Payroll 6004,OH_INFORMATION_SYSTEM,OVERHEAD EXPENSES,Fixed Cost,0.0,ANALOGIA,false,ANALOGIA bloque PAYROLL de information-system (16 cuentas)
AMA,information-system,Information System,COST OF SALES,0230,5400,,,,Fixed Cost,0.0,ANALOGIA,false,ANALOGIA bloque COST OF SALES de information-system (5 cuentas)
AMA,information-system,Information System,COST OF SALES,0230,5401,,,,Fixed Cost,0.0,ANALOGIA,false,ANALOGIA bloque COST OF SALES de information-system (5 cuentas)
AMA,information-system,Information System,COST OF SALES,0230,5404,,,,Fixed Cost,0.0,ANALOGIA,false,ANALOGIA bloque COST OF SALES de information-system (5 cuentas)
AMA,laundry,Laundry,PAYROLL,0161,6004,Payroll 6004,OH_LAUNDRY,OVERHEAD EXPENSES,Fixed Cost,0.0,ANALOGIA,false,ANALOGIA bloque PAYROLL de laundry (16 cuentas)
AMA,laundry,Laundry,OPERATING EXPENSES,0161,7065,Cleaning Supplies,OH_LAUNDRY,OVERHEAD EXPENSES,Fixed Cost,0.0,ANALOGIA,false,ANALOGIA bloque OPERATING EXPENSES de laundry (15 cuentas)
AMA,laundry,Laundry,OPERATING EXPENSES,0161,7310,Laundry and Dry Cleaning,OH_LAUNDRY,OVERHEAD EXPENSES,Fixed Cost,0.0,ANALOGIA,false,ANALOGIA bloque OPERATING EXPENSES de laundry (15 cuentas)
AMA,laundry,Laundry,OPERATING EXPENSES,0161,7320,Laundry Supplies,OH_LAUNDRY,OVERHEAD EXPENSES,Fixed Cost,0.0,ANALOGIA,false,ANALOGIA bloque OPERATING EXPENSES de laundry (15 cuentas)
AMA,laundry,Laundry,OPERATING EXPENSES,0161,7490,Printing and Stationery,OH_LAUNDRY,OVERHEAD EXPENSES,Fixed Cost,0.0,ANALOGIA,false,ANALOGIA bloque OPERATING EXPENSES de laundry (15 cuentas)
AMA,cafeteria,Cafetería,PAYROLL,0220,6004,Payroll 6004,OH_CAFETERIA,OVERHEAD EXPENSES,Fixed Cost,0.0,ANALOGIA,false,ANALOGIA bloque PAYROLL de cafeteria (16 cuentas)
AMA,cafeteria,Cafetería,COST OF SALES,0220,5420,,,,Fixed Cost,0.0,ANALOGIA,false,ANALOGIA bloque COST OF SALES de cafeteria (2 cuentas)
AMA,cafeteria,Cafetería,OPERATING EXPENSES,0220,7060,China,OH_CAFETERIA,OVERHEAD EXPENSES,Fixed Cost,0.0,ANALOGIA,false,ANALOGIA bloque OPERATING EXPENSES de cafeteria (14 cuentas)
AMA,cafeteria,Cafetería,OPERATING EXPENSES,0220,7065,Cleaning Supplies,OH_CAFETERIA,OVERHEAD EXPENSES,Fixed Cost,0.0,ANALOGIA,false,ANALOGIA bloque OPERATING EXPENSES de cafeteria (14 cuentas)
AMA,cafeteria,Cafetería,OPERATING EXPENSES,0220,7140,Dishwashing Supplies,OH_CAFETERIA,OVERHEAD EXPENSES,Fixed Cost,0.0,ANALOGIA,false,ANALOGIA bloque OPERATING EXPENSES de cafeteria (14 cuentas)
AMA,cafeteria,Cafetería,OPERATING EXPENSES,0220,7195,Flatware,OH_CAFETERIA,OVERHEAD EXPENSES,Fixed Cost,0.0,ANALOGIA,false,ANALOGIA bloque OPERATING EXPENSES de cafeteria (14 cuentas)
AMA,cafeteria,Cafetería,OPERATING EXPENSES,0220,7235,Glassware,OH_CAFETERIA,OVERHEAD EXPENSES,Fixed Cost,0.0,ANALOGIA,false,ANALOGIA bloque OPERATING EXPENSES de cafeteria (14 cuentas)
AMA,cafeteria,Cafetería,OPERATING EXPENSES,0220,7275,Ice,OH_CAFETERIA,OVERHEAD EXPENSES,Fixed Cost,0.0,ANALOGIA,false,ANALOGIA bloque OPERATING EXPENSES de cafeteria (14 cuentas)
AMA,cafeteria,Cafetería,OPERATING EXPENSES,0220,7295,Kitchen Fuel,OH_CAFETERIA,OVERHEAD EXPENSES,Fixed Cost,0.0,ANALOGIA,false,ANALOGIA bloque OPERATING EXPENSES de cafeteria (14 cuentas)
AMA,cafeteria,Cafetería,OPERATING EXPENSES,0220,7300,Kitchen Smallwares,OH_CAFETERIA,OVERHEAD EXPENSES,Fixed Cost,0.0,ANALOGIA,false,ANALOGIA bloque OPERATING EXPENSES de cafeteria (14 cuentas)
AMA,cafeteria,Cafetería,OPERATING EXPENSES,0220,7310,Laundry and Dry Cleaning,OH_CAFETERIA,OVERHEAD EXPENSES,Fixed Cost,0.0,ANALOGIA,false,ANALOGIA bloque OPERATING EXPENSES de cafeteria (14 cuentas)
AMA,cafeteria,Cafetería,OPERATING EXPENSES,0220,7350,Linen,OH_CAFETERIA,OVERHEAD EXPENSES,Fixed Cost,0.0,ANALOGIA,false,ANALOGIA bloque OPERATING EXPENSES de cafeteria (14 cuentas)
AMA,cafeteria,Cafetería,OPERATING EXPENSES,0220,7460,Paper and Plastics,OH_CAFETERIA,OVERHEAD EXPENSES,Fixed Cost,0.0,ANALOGIA,false,ANALOGIA bloque OPERATING EXPENSES de cafeteria (14 cuentas)
AMA,cafeteria,Cafetería,OPERATING EXPENSES,0220,7490,Printing and Stationery,OH_CAFETERIA,OVERHEAD EXPENSES,Fixed Cost,0.0,ANALOGIA,false,ANALOGIA bloque OPERATING EXPENSES de cafeteria (14 cuentas)
AMA,cafeteria,Cafetería,OPERATING EXPENSES,0220,7695,Utensils,OH_CAFETERIA,OVERHEAD EXPENSES,Fixed Cost,0.0,ANALOGIA,false,ANALOGIA bloque OPERATING EXPENSES de cafeteria (14 cuentas)
AMA,ag,A&G,PAYROLL,0181,6004,Payroll 6004,OH_ADMIN,OVERHEAD EXPENSES,Fixed Cost,0.0,ANALOGIA,false,ANALOGIA bloque PAYROLL de ag (32 cuentas)
AMA,ag,A&G,OPERATING EXPENSES,0181,7060,China,OPEX_FB,OPERATING EXPENSES,Fixed Cost,0.0,ANALOGIA,false,ANALOGIA bloque OPERATING EXPENSES de ag (49 cuentas)
AMA,ag,A&G,OPERATING EXPENSES,0181,7065,Cleaning Supplies,OPEX_ROOMS,OPERATING EXPENSES,Fixed Cost,0.0,ANALOGIA,false,ANALOGIA bloque OPERATING EXPENSES de ag (49 cuentas)
AMA,ag,A&G,OPERATING EXPENSES,0181,7140,Dishwashing Supplies,OPEX_FB,OPERATING EXPENSES,Fixed Cost,0.0,ANALOGIA,false,ANALOGIA bloque OPERATING EXPENSES de ag (49 cuentas)
AMA,ag,A&G,OPERATING EXPENSES,0181,7195,Flatware,OPEX_FB,OPERATING EXPENSES,Fixed Cost,0.0,ANALOGIA,false,ANALOGIA bloque OPERATING EXPENSES de ag (49 cuentas)
AMA,ag,A&G,OPERATING EXPENSES,0181,7235,Glassware,OPEX_FB,OPERATING EXPENSES,Fixed Cost,0.0,ANALOGIA,false,ANALOGIA bloque OPERATING EXPENSES de ag (49 cuentas)
AMA,ag,A&G,OPERATING EXPENSES,0181,7275,Ice,OPEX_FB,OPERATING EXPENSES,Fixed Cost,0.0,ANALOGIA,false,ANALOGIA bloque OPERATING EXPENSES de ag (49 cuentas)
AMA,ag,A&G,OPERATING EXPENSES,0181,7295,Kitchen Fuel,OPEX_FB,OPERATING EXPENSES,Fixed Cost,0.0,ANALOGIA,false,ANALOGIA bloque OPERATING EXPENSES de ag (49 cuentas)
AMA,ag,A&G,OPERATING EXPENSES,0181,7300,Kitchen Smallwares,OPEX_FB,OPERATING EXPENSES,Fixed Cost,0.0,ANALOGIA,false,ANALOGIA bloque OPERATING EXPENSES de ag (49 cuentas)
AMA,ag,A&G,OPERATING EXPENSES,0181,7310,Laundry and Dry Cleaning,OPEX_ROOMS,OPERATING EXPENSES,Fixed Cost,0.0,ANALOGIA,false,ANALOGIA bloque OPERATING EXPENSES de ag (49 cuentas)
AMA,ag,A&G,OPERATING EXPENSES,0181,7350,Linen,OPEX_ROOMS,OPERATING EXPENSES,Fixed Cost,0.0,ANALOGIA,false,ANALOGIA bloque OPERATING EXPENSES de ag (49 cuentas)
AMA,ag,A&G,OPERATING EXPENSES,0181,7460,Paper and Plastics,OPEX_FB,OPERATING EXPENSES,Fixed Cost,0.0,ANALOGIA,false,ANALOGIA bloque OPERATING EXPENSES de ag (49 cuentas)
AMA,ag,A&G,OPERATING EXPENSES,0181,7490,Printing and Stationery,OPEX_ROOMS,OPERATING EXPENSES,Fixed Cost,0.0,ANALOGIA,false,ANALOGIA bloque OPERATING EXPENSES de ag (49 cuentas)
AMA,ag,A&G,OPERATING EXPENSES,0181,7695,Utensils,OPEX_FB,OPERATING EXPENSES,Fixed Cost,0.0,ANALOGIA,false,ANALOGIA bloque OPERATING EXPENSES de ag (49 cuentas)
AMA,property-expenses,Property Expenses,FINANCIAL CHARGES,0250,8030,BANK AND COMMISSIONS CHARGES1 | BANK AND COMMISSIONS CHARGES,LEASINGS_RENTS,FINANCIAL EXPENSES,Fixed Cost,0.0,ANALOGIA,false,ANALOGIA bloque FINANCIAL CHARGES de property-expenses (1 cuentas)
AMA,property-expenses,Property Expenses,FINANCIAL CHARGES,0250,8045,EXCHANGE GAIN/LOSSES1 | EXCHANGE GAIN/LOSSES,FINANCIAL_LOSSES,FINANCIAL EXPENSES,Fixed Cost,0.0,ANALOGIA,false,ANALOGIA bloque FINANCIAL CHARGES de property-expenses (1 cuentas)
AMA,club-madresal,Club Madresal,PAYROLL,260,6004,Payroll 6004,OPEX_CLUB,OPERATING EXPENSES,Variable,1.0,ANALOGIA,false,ANALOGIA bloque PAYROLL de club-madresal (16 cuentas)
AMA,club-madresal,Club Madresal,OPERATING EXPENSES,260,7030,BUILDING,OPEX_CLUB,OPERATING EXPENSES,Fixed Cost,0.0,ANALOGIA,false,ANALOGIA cuenta 7030 unánime en CWL (1 reglas)
AMA,club-madresal,Club Madresal,OPERATING EXPENSES,260,7050,CENTRALIZED ACCOUNTING CHARGES,OPEX_CLUB,OPERATING EXPENSES,Fixed Cost,0.0,ANALOGIA,false,ANALOGIA cuenta 7050 unánime en CWL (1 reglas)
AMA,club-madresal,Club Madresal,OPERATING EXPENSES,260,7155,ELECTRICAL AND MECHANICAL EQUIPMENT,OPEX_CLUB,OPERATING EXPENSES,Fixed Cost,0.0,ANALOGIA,false,ANALOGIA cuenta 7155 unánime en CWL (1 reglas)
AMA,club-madresal,Club Madresal,OPERATING EXPENSES,260,7160,ELECTRICITY,OPEX_CLUB,OPERATING EXPENSES,Fixed Cost,0.0,ANALOGIA,false,ANALOGIA cuenta 7160 unánime en CWL (1 reglas)
AMA,club-madresal,Club Madresal,OPERATING EXPENSES,260,7170,ENGINEERING SUPPLIES,OPEX_CLUB,OPERATING EXPENSES,Fixed Cost,0.0,ANALOGIA,false,ANALOGIA cuenta 7170 unánime en CWL (1 reglas)
AMA,club-madresal,Club Madresal,OPERATING EXPENSES,260,7180,EQUIPMENT,OPEX_CLUB,OPERATING EXPENSES,Fixed Cost,0.0,ANALOGIA,false,ANALOGIA cuenta 7180 unánime en CWL (1 reglas)
AMA,club-madresal,Club Madresal,OPERATING EXPENSES,260,7240,GROUNDS MAINTENANCE AND LANDSCAPING,OPEX_CLUB,OPERATING EXPENSES,Fixed Cost,0.0,ANALOGIA,false,ANALOGIA cuenta 7240 unánime en CWL (1 reglas)
AMA,club-madresal,Club Madresal,OPERATING EXPENSES,260,7340,LIFE/SAFETY,OPEX_CLUB,OPERATING EXPENSES,Fixed Cost,0.0,ANALOGIA,false,ANALOGIA cuenta 7340 unánime en CWL (1 reglas)
AMA,club-madresal,Club Madresal,OPERATING EXPENSES,260,7420,OTHER FUELS,OPEX_CLUB,OPERATING EXPENSES,Fixed Cost,0.0,ANALOGIA,false,ANALOGIA cuenta 7420 unánime en CWL (1 reglas)
AMA,club-madresal,Club Madresal,OPERATING EXPENSES,260,7500,PROMOTION,OPEX_CLUB,OPERATING EXPENSES,Fixed Cost,0.0,ANALOGIA,false,ANALOGIA cuenta 7500 unánime en CWL (1 reglas)
AMA,club-madresal,Club Madresal,OPERATING EXPENSES,260,7605,SYSTEM EXPENSES: INFORMATION SYSTEMS,OPEX_CLUB,OPERATING EXPENSES,Fixed Cost,0.0,ANALOGIA,false,ANALOGIA cuenta 7605 unánime en CWL (1 reglas)
AMA,club-madresal,Club Madresal,OPERATING EXPENSES,260,7635,SYSTEM EXPENSES: TELECOM/INTERNET,OPEX_CLUB,OPERATING EXPENSES,Fixed Cost,0.0,ANALOGIA,false,ANALOGIA cuenta 7635 unánime en CWL (1 reglas)
AMA,club-madresal,Club Madresal,OPERATING EXPENSES,260,7710,WATER/SEWER,OPEX_CLUB,OPERATING EXPENSES,Fixed Cost,0.0,ANALOGIA,false,ANALOGIA cuenta 7710 unánime en CWL (1 reglas)
AMA,area-recreativa,Área Recreativa,PAYROLL,270,6004,Payroll 6004,OH_AREC,OVERHEAD EXPENSES,Fixed Cost,0.0,ANALOGIA,false,ANALOGIA bloque PAYROLL de area-recreativa (16 cuentas)
AMA,area-recreativa,Área Recreativa,OPERATING EXPENSES,270,7490,Printing and Stationery,OH_AREC,OVERHEAD EXPENSES,Fixed Cost,0.0,ANALOGIA,false,ANALOGIA bloque OPERATING EXPENSES de area-recreativa (12 cuentas)
AMA,fb,F&B,COST OF SALES,,,Food Cost,COS_FB_FOOD,COST OF SALES,Variable,1.0,LINEA,false,CWL LINEA COS_FB_FOOD
AMA,fb,F&B,COST OF SALES,,,Beverage Cost,COS_FB_BEV,COST OF SALES,Variable,1.0,LINEA,false,CWL LINEA COS_FB_BEV
AMA,tours,Tours,COST OF SALES,,,Complimentary Food  for tour · Tickets for Corcovado Park,COS_TOURS,COST OF SALES,Variable,1.0,LINEA,false,CWL LINEA COS_TOURS
AMA,gift-shop,Gift Shop,COST OF SALES,,,Clothing Other 1 Cost of Retail,COS_RETAIL,COST OF SALES,Variable,1.0,LINEA,false,CWL LINEA COS_RETAIL
AMA,transportation,Transportation,COST OF SALES,,,Renting · Transfers Cost,COS_TRANSPORTATION,COST OF SALES,Fixed Cost,0.0,LINEA,false,CWL LINEA COS_TRANSPORTATION
AMA,innoceana,Innoceana,PAYROLL,,,Contract Labor,OPEX_INNOCEANA,OPERATING EXPENSES,Variable,1.0,LINEA,false,CWL LINEA OPEX_INNOCEANA
AMA,laundry,Laundry,COST OF SALES,,,Laundry Cost,COS_LAUNDRY,COST OF SALES,Variable,1.0,LINEA,false,CWL LINEA COS_LAUNDRY
AMA,ag,A&G,OPERATING EXPENSES,,,PAYROLLl Processing,OH_ADMIN,OVERHEAD EXPENSES,Fixed Cost,0.0,LINEA,false,CWL LINEA OH_ADMIN
AMA,information-system,Information System,PAYROLL,,,Contract Labour,OH_INFORMATION_SYSTEM,OVERHEAD EXPENSES,Fixed Cost,0.0,LINEA,false,CWL LINEA OH_INFORMATION_SYSTEM
AMA,utility,Utility,OPERATING EXPENSES,,,Oil & Gas (Generador) · Oil & Gas (tractors) · Oil (Boat and Equipment) · Other,OH_UTILITIES,OVERHEAD EXPENSES,Fixed Cost,0.0,LINEA,false,CWL LINEA OH_UTILITIES
AMA,property-expenses,Property Expenses,RENT & MANAGEMENT FEES,,,Car Rentals,RENT,OWNER / NON-OP EXPENSES,Fixed Cost,0.0,LINEA,false,CWL LINEA RENT
AMA,property-expenses,Property Expenses,RENT & MANAGEMENT FEES,,,Management Fees  (3%) · Management Fees  Others,MGMT_FEE_3,OWNER / NON-OP EXPENSES,Fixed Cost,0.0,LINEA,false,CWL LINEA MGMT_FEE_3
AMA,property-expenses,Property Expenses,RENT & MANAGEMENT FEES,,,Management Fees  (5%),MGMT_FEE_5_ROYALTIES,OWNER / NON-OP EXPENSES,Fixed Cost,0.0,LINEA,false,CWL LINEA MGMT_FEE_5_ROYALTIES
AMA,property-expenses,Property Expenses,PROPERTIES INSURANCE,,,Boat Insurance · Marime Zone · Property Insurance · Vehicules Insurance,PROPERTY_INSURANCE,OWNER / NON-OP EXPENSES,Fixed Cost,0.0,LINEA,false,CWL LINEA PROPERTY_INSURANCE
AMA,property-expenses,Property Expenses,FINANCIAL CHARGES,,,Bank Charges · Interest Charges,BANK_INTEREST,FINANCIAL EXPENSES,Fixed Cost,0.0,LINEA,false,CWL LINEA BANK_INTEREST
AMA,property-expenses,Property Expenses,CAPITAL EXPENSES,,,LARGE CAPITAL EXPENDITURE,CAPITAL_RESERVE,CAPITAL,Fixed Cost,0.0,LINEA,false,CWL LINEA CAPITAL_RESERVE
AMA,property-expenses,Property Expenses,DEPRECIATION,,,Boats/Buildings · Bulding/ · Cars · Cars/Furniture/Equipment · Equipment · Furniture,DEPRECIATION,DEPRECIATION,Fixed Cost,0.0,LINEA,false,CWL LINEA DEPRECIATION
AMA,property-expenses,Property Expenses,NON DEDUCTIBLE EXPENSES,,,Expenses,OTHER_EXPENSES,OWNER / NON-OP EXPENSES,Fixed Cost,0.0,LINEA,false,CWL LINEA OTHER_EXPENSES
